mp_name,constituency,state,house,allocated_amount,total_expenditure,utilization_pct,completed_works,recommended_works,completion_rate_pct,unspent_amount,transaction_count,successful_payments,pending_payments,average_rating,utilization_ratio,completion_gap
Smt. S. Phangnon Konyak (2022-28),Sitting Rajya Sabha,Nagaland,Rajya Sabha,206563957.11,196626200.0,95.19,57.0,20.0,74.03,9937757.110000014,125.0,123.0,2.0,,0.9518901687930584,-37.0
Shri Arun Kumar Sagar,SHAHJAHANPUR,Uttar Pradesh,Lok Sabha,147000000.0,138723000.0,94.37,4.0,3.0,57.14,8277000.0,45.0,45.0,0.0,,0.9436938775510204,-1.0
S SUPONGMEREN JAMIR,NAGALAND,Nagaland,Lok Sabha,147000000.0,138150000.0,93.98,38.0,18.0,67.86,8850000.0,81.0,81.0,0.0,,0.939795918367347,-20.0
VIJAYLAKSHMI DEVI,SIWAN,Bihar,Lok Sabha,147000000.0,134748616.0,91.67,95.0,87.0,52.2,12251384.0,142.0,135.0,7.0,,0.9166572517006802,-8.0
Pradeep Kumar Singh,ARARIA,Bihar,Lok Sabha,147000000.0,132606146.0,90.21,39.0,47.0,45.35,14393854.0,86.0,68.0,18.0,,0.9020826258503402,8.0
Smt Veena Devi,VAISHALI,Bihar,Lok Sabha,147000000.0,131108889.0,89.19,30.0,29.0,50.85,15891111.0,49.0,49.0,0.0,,0.8918972040816326,-1.0
Smt. Darshana Singh (2022-28),Sitting Rajya Sabha,Uttar Pradesh,Rajya Sabha,196994373.87,174994106.0,88.83,31.0,16.0,65.96,22000267.870000005,133.0,132.0,1.0,,0.8883203238864154,-15.0
Shri Mithlesh Kumar (2022-28),Sitting Rajya Sabha,Uttar Pradesh,Rajya Sabha,196063957.11,170753928.0,87.09,195.0,9.0,95.59,25310029.11000001,232.0,232.0,0.0,,0.8709093222279501,-186.0
Smt. Sangeeta Yadav (2022-28),Sitting Rajya Sabha,Uttar Pradesh,Rajya Sabha,196063957.11,169940841.0,86.68,43.0,78.0,35.54,26123116.11000001,261.0,260.0,1.0,,0.8667622723979611,35.0
Smt. Geeta alias Chandraprabha (2020-26),Sitting Rajya Sabha,Uttar Pradesh,Rajya Sabha,196063957.11,169877016.35,86.64,210.0,37.0,85.02,26186940.76000002,313.0,313.0,0.0,,0.8664367426527658,-173.0
Shri B.L. Verma (2020-26),Sitting Rajya Sabha,Uttar Pradesh,Rajya Sabha,196063957.11,168937264.09,86.16,350.0,64.0,84.54,27126693.02000001,804.0,803.0,1.0,,0.8616436523068806,-286.0
Smt. Sumitra Balmik (2022-28),Sitting Rajya Sabha,Madhya Pradesh,Rajya Sabha,196063957.11,163767349.0,83.53,62.0,116.0,34.83,32296608.11000001,419.0,419.0,0.0,,0.8352751388574684,54.0
Shri Javed Ali Khan (2022-28),Sitting Rajya Sabha,Uttar Pradesh,Rajya Sabha,196063957.11,162685314.28,82.98,125.0,68.0,64.77,33378642.830000013,261.0,251.0,10.0,,0.8297563543957587,-57.0
Ashok Kumar Rawat,MISRIKH,Uttar Pradesh,Lok Sabha,147000000.0,121139986.0,82.41,2.0,3.0,40.0,25860014.0,32.0,24.0,8.0,,0.824081537414966,1.0
Shri Ramji (2020-26),Sitting Rajya Sabha,Uttar Pradesh,Rajya Sabha,174518577.11,141923083.0,81.32,154.0,91.0,62.86,32595494.11000001,258.0,174.0,84.0,,0.8132262212437424,-63.0
Prof. Ram Gopal Yadav (2020-26),Sitting Rajya Sabha,Uttar Pradesh,Rajya Sabha,221271395.11,178725656.0,80.77,25.0,56.0,30.86,42545739.110000014,125.0,124.0,1.0,,0.8077214676174055,31.0
SUKHDEO BHAGAT,LOHARDAGA,Jharkhand,Lok Sabha,171821957.11,138586757.0,80.66,80.0,204.0,28.17,33235200.11000001,358.0,358.0,0.0,,0.8065718685259596,124.0
Shri R. Dharmar (2022-28),Sitting Rajya Sabha,Tamil Nadu,Rajya Sabha,260812242.52,207877791.0,79.7,189.0,55.0,77.46,52934451.52000001,198.0,198.0,0.0,,0.797040004684823,-134.0
Shri Hardeep Singh Puri (2020-26),Sitting Rajya Sabha,Uttar Pradesh,Rajya Sabha,226801049.11,180480217.2,79.58,289.0,126.0,69.64,46320831.910000026,885.0,885.0,0.0,,0.7957644724670823,-163.0
Dr. Faiyaz Ahmad (2022-28),Sitting Rajya Sabha,Bihar,Rajya Sabha,235263957.11,183753433.0,78.11,137.0,52.0,72.49,51510524.110000014,174.0,171.0,3.0,,0.7810522073046839,-85.0
Giridhari Yadav,BANKA,Bihar,Lok Sabha,147000000.0,114805889.0,78.1,92.0,28.0,76.67,32194111.0,96.0,96.0,0.0,,0.7809924421768707,-64.0
Shri Khiru Mahto (2022-28),Sitting Rajya Sabha,Bihar,Rajya Sabha,235770091.81,183791258.0,77.95,171.0,6.0,96.61,51978833.81,176.0,176.0,0.0,,0.7795359309106594,-165.0
Smt. Seema Dwivedi (2020-26),Sitting Rajya Sabha,Uttar Pradesh,Rajya Sabha,173830159.11,135282718.4,77.82,210.0,198.0,51.47,38547440.71000001,313.0,302.0,11.0,,0.7782465315146658,-12.0
Dr. Bhim Singh (2024-30),Sitting Rajya Sabha,Bihar,Rajya Sabha,186200000.0,143120329.0,76.86,233.0,85.0,73.27,43079671.0,284.0,281.0,3.0,,0.7686376423200859,-148.0
Shri S. Kalyanasundaram (2022-28),Sitting Rajya Sabha,Tamil Nadu,Rajya Sabha,239763792.52,183132534.0,76.38,141.0,44.0,76.22,56631258.52000001,188.0,180.0,8.0,,0.7638039592017377,-97.0
Smt. Ranjeet Ranjan (2022-28),Sitting Rajya Sabha,Chhattisgarh,Rajya Sabha,246780257.87,185739464.0,75.27,164.0,117.0,58.36,61040793.870000005,452.0,430.0,22.0,,0.7526512274650619,-47.0
Shri Shambhu Sharan Patel (2022-28),Sitting Rajya Sabha,Bihar,Rajya Sabha,237168443.49,175884824.0,74.16,199.0,109.0,64.61,61283619.49000001,222.0,221.0,1.0,,0.7416029780851348,-90.0
Mukesh Rajput,FARRUKHABAD,Uttar Pradesh,Lok Sabha,147000000.0,108417412.0,73.75,246.0,60.0,80.39,38582588.0,367.0,367.0,0.0,,0.7375334149659863,-186.0
Dr. Dharmshila Gupta (2024-30),Sitting Rajya Sabha,Bihar,Rajya Sabha,186200000.0,136714265.0,73.42,87.0,55.0,61.27,49485735.0,113.0,112.0,1.0,,0.7342334317937701,-32.0
Ramprit Mandal,JHANJHARPUR,Bihar,Lok Sabha,147000000.0,107510581.0,73.14,91.0,89.0,50.56,39489419.0,104.0,104.0,0.0,,0.7313644965986394,-2.0
ANDREW J. SYNGKON,SHILLONG,Meghalaya,Lok Sabha,98000000.0,71430000.0,72.89,98.0,143.0,40.66,26570000.0,327.0,319.0,8.0,,0.7288775510204082,45.0
RAM PRASAD CHAUDHARY,BASTI,Uttar Pradesh,Lok Sabha,204176957.11,148429426.0,72.7,37.0,146.0,20.22,55747531.110000014,239.0,238.0,1.0,1.0,0.7269646296081975,109.0
DR. RAJESH MISHRA,SIDHI,Madhya Pradesh,Lok Sabha,262724510.35,184983789.0,70.41,172.0,169.0,50.44,77740721.35,656.0,637.0,19.0,,0.7040979494207287,-3.0
Shri R. Girirajan (2022-28),Sitting Rajya Sabha,Tamil Nadu,Rajya Sabha,236312242.52,165928789.0,70.22,150.0,71.0,67.87,70383453.52000001,191.0,190.0,1.0,,0.7021590893072618,-79.0
Smt. Mahua Maji (2022-28),Sitting Rajya Sabha,Jharkhand,Rajya Sabha,232524001.2,163193927.0,70.18,150.0,315.0,32.26,69330074.19999999,598.0,598.0,0.0,,0.7018369121372233,165.0
Shri Aditya Prasad (2022-28),Sitting Rajya Sabha,Jharkhand,Rajya Sabha,227628508.2,159474868.0,70.06,141.0,85.0,62.39,68153640.19999999,383.0,382.0,1.0,,0.7005926861317453,-56.0
Dr. Sandeep Kumar Pathak (2022-28),Sitting Rajya Sabha,Punjab,Rajya Sabha,232203454.24,161879632.0,69.71,157.0,121.0,56.47,70323822.24000001,1134.0,1098.0,36.0,,0.6971456670609432,-36.0
Shri Baburam Nishad (2022-28),Sitting Rajya Sabha,Uttar Pradesh,Rajya Sabha,196063957.11,136082109.32,69.41,436.0,213.0,67.18,59981847.79000002,595.0,592.0,3.0,,0.6940699929036538,-223.0
Pradyut Bordoloi,NOWGONG,Assam,Lok Sabha,98000000.0,67857468.0,69.24,13.0,202.0,6.05,30142532.0,478.0,471.0,7.0,,0.6924231428571429,189.0
Smt. Sadhna Singh (2024-30),Sitting Rajya Sabha,Uttar Pradesh,Rajya Sabha,147000000.0,101298179.0,68.91,5.0,13.0,27.78,45701821.0,37.0,37.0,0.0,,0.6891032585034014,8.0
Bhola Singh,BULANDSHAHR,Uttar Pradesh,Lok Sabha,147000000.0,101017522.0,68.72,142.0,148.0,48.97,45982478.0,250.0,250.0,0.0,,0.6871940272108844,6.0
Shri Gulam Ali (2022-28),Nominated Rajya Sabha,Jammu And Kashmir,Rajya Sabha,196063957.11,134148715.0,68.42,156.0,29.0,84.32,61915242.110000014,193.0,190.0,3.0,,0.6842089539421925,-127.0
ARUN BHARTI,JAMUI,Bihar,Lok Sabha,194924621.11,132883940.0,68.17,218.0,110.0,66.46,62040681.110000014,306.0,288.0,18.0,,0.6817196270193637,-108.0
Shri Satish Chandra Dubey (2022-28),Sitting Rajya Sabha,Bihar,Rajya Sabha,235263957.11,160336407.0,68.15,162.0,92.0,63.78,74927550.11000001,207.0,205.0,2.0,,0.6815170881659238,-70.0
Shri Arun Singh (2020-26),Sitting Rajya Sabha,Uttar Pradesh,Rajya Sabha,223492764.11,151462382.0,67.77,46.0,65.0,41.44,72030382.11000001,197.0,194.0,3.0,,0.6777059767601797,19.0
DR. LATA WANKHEDE,SAGAR,Madhya Pradesh,Lok Sabha,147000000.0,99315853.0,67.56,103.0,133.0,43.64,47684147.0,272.0,250.0,22.0,,0.6756180476190476,30.0
Shri Sant Balbir Singh (2022-28),Sitting Rajya Sabha,Punjab,Rajya Sabha,196359074.44000003,131641205.41,67.04,206.0,174.0,54.21,64717869.03000003,763.0,755.0,8.0,,0.6704106025424591,-32.0
Shri Tapir Gao,ARUNACHAL EAST,Arunachal Pradesh,Lok Sabha,147000000.0,98534470.0,67.03,106.0,65.0,61.99,48465530.0,199.0,199.0,0.0,,0.6703025170068028,-41.0
SALENG A SANGMA,TURA,Meghalaya,Lok Sabha,147000000.0,98370000.0,66.92,132.0,208.0,38.82,48630000.0,430.0,423.0,7.0,,0.6691836734693878,76.0
SUDHAKAR SINGH,BUXAR,Bihar,Lok Sabha,185211956.54,123581875.0,66.72,98.0,106.0,48.04,61630081.53999999,176.0,176.0,0.0,,0.6672456644196736,8.0
ANOOP PRADHAN BALMIKI,HATHRAS,Uttar Pradesh,Lok Sabha,147000000.0,97915147.0,66.61,69.0,37.0,65.09,49084853.0,141.0,141.0,0.0,,0.6660894353741497,-32.0
Shri Jaggesh (2022-28),Sitting Rajya Sabha,Karnataka,Rajya Sabha,196063957.11,130587101.0,66.6,126.0,82.0,60.58,65476856.110000014,166.0,166.0,0.0,,0.6660433815825477,-44.0
NEERAJ MAURYA,AONLA,Uttar Pradesh,Lok Sabha,147000000.0,97488644.0,66.32,17.0,19.0,47.22,49511356.0,101.0,101.0,0.0,,0.6631880544217688,2.0
THARANIVENTHAN M S,ARANI,Tamil Nadu,Lok Sabha,168337124.35,111465790.0,66.22,180.0,136.0,56.96,56871334.35,215.0,214.0,1.0,,0.6621580975105923,-44.0
KAMLESH JANGDE,JANJGIR CHAMPA,Chhattisgarh,Lok Sabha,150384382.11,99411941.0,66.11,254.0,90.0,73.84,50972441.110000014,602.0,596.0,6.0,,0.6610522954922555,-164.0
RAJ BHUSHAN CHOUDHARY,MUZAFFARPUR,Bihar,Lok Sabha,147000000.0,96375137.0,65.56,77.0,53.0,59.23,50624863.0,90.0,90.0,0.0,,0.6556131768707483,-24.0
Rajkumar Chahar,FATEHPUR SIKRI,Uttar Pradesh,Lok Sabha,147000000.0,96369831.0,65.56,45.0,5.0,90.0,50630169.0,92.0,92.0,0.0,,0.655577081632653,-40.0
RICHARD VANLALHMANGAIHA,MIZORAM,Mizoram,Lok Sabha,147000000.0,96361729.0,65.55,134.0,132.0,50.38,50638271.0,319.0,316.0,3.0,,0.6555219659863946,-2.0
DR RANI SRI KUMAR,TENKASI,Tamil Nadu,Lok Sabha,153060922.82,99919930.0,65.28,102.0,58.0,63.75,53140992.81999999,123.0,123.0,0.0,,0.6528114959656036,-44.0
AKSHAYA YADAV,FIROZABAD,Uttar Pradesh,Lok Sabha,147000000.0,95931875.0,65.26,37.0,6.0,86.05,51068125.0,83.0,83.0,0.0,,0.6525977891156463,-31.0
CHHATRA PAL SINGH GANGWAR,BAREILLY,Uttar Pradesh,Lok Sabha,147000000.0,95712065.0,65.11,142.0,42.0,77.17,51287935.0,290.0,290.0,0.0,,0.6511024829931973,-100.0
MANOJ KUMAR,SASARAM,Bihar,Lok Sabha,147000000.0,95686097.0,65.09,82.0,112.0,42.27,51313903.0,122.0,121.0,1.0,,0.6509258299319728,30.0
Pankaj Chowdhary,MAHARAJGANJ,Uttar Pradesh,Lok Sabha,147000000.0,95676373.0,65.09,38.0,11.0,77.55,51323627.0,94.0,94.0,0.0,,0.6508596802721088,-27.0
KARAN BHUSHAN SINGH,KAISERGANJ,Uttar Pradesh,Lok Sabha,147000000.0,95454825.0,64.94,33.0,75.0,30.56,51545175.0,145.0,144.0,1.0,,0.6493525510204081,42.0
Dr. Kavita Patidar (2022-28),Sitting Rajya Sabha,Madhya Pradesh,Rajya Sabha,197118521.35,127377000.12,64.62,142.0,75.0,65.44,69741521.23000002,427.0,426.0,1.0,,0.6461949858777185,-67.0
Indra Hang Subba,SIKKIM,Sikkim,Lok Sabha,152003923.11,98023420.0,64.49,38.0,89.0,29.92,53980503.110000014,80.0,80.0,0.0,,0.6448742768899709,51.0
Shri K.R.N. Rajeshkumar (2022-28),Sitting Rajya Sabha,Tamil Nadu,Rajya Sabha,238513975.53,152999036.0,64.15,84.0,18.0,82.35,85514939.53,97.0,96.0,1.0,,0.6414678035533224,-66.0
SHER SINGH GHUBAYA,FIROZPUR,Punjab,Lok Sabha,147000000.0,94266196.0,64.13,361.0,119.0,75.21,52733804.0,462.0,450.0,12.0,,0.6412666394557823,-242.0
ANGOMCHA BIMOL AKOIJAM,INNER MANIPUR,Manipur,Lok Sabha,147000000.0,93860392.0,63.85,21.0,27.0,43.75,53139608.0,67.0,67.0,0.0,,0.6385060680272109,6.0
Prof SP Singh Baghel,AGRA,Uttar Pradesh,Lok Sabha,147000000.0,93200157.0,63.4,55.0,55.0,50.0,53799843.0,140.0,127.0,13.0,,0.6340146734693878,0.0
JITENDRA KUMAR DOHARE,ETAWAH,Uttar Pradesh,Lok Sabha,188747306.26,119571988.0,63.35,192.0,322.0,37.35,69175318.25999999,518.0,518.0,0.0,,0.6335030171783709,130.0
Shri Ramji Lal Suman (2024-30),Sitting Rajya Sabha,Uttar Pradesh,Rajya Sabha,147000000.0,93005621.0,63.27,29.0,64.0,31.18,53994379.0,120.0,120.0,0.0,,0.6326912993197279,35.0
GAIKWAD VARSHA EKNATH,MUMBAI NORTH-CENTRAL,Maharashtra,Lok Sabha,147000000.0,92563767.0,62.97,0.0,57.0,0.0,54436233.0,54.0,51.0,3.0,,0.6296854897959183,57.0
PRAVEEN PATEL,PHULPUR,Uttar Pradesh,Lok Sabha,151559884.09,95102075.0,62.75,14.0,10.0,58.33,56457809.09,37.0,35.0,2.0,,0.6274884384546378,-4.0
SK NURUL ISLAM,BASIRHAT,West Bengal,Lok Sabha,49000000.0,30740105.0,62.73,7.0,25.0,21.88,18259895.0,21.0,21.0,0.0,,0.627349081632653,18.0
Rodmal Nagar,RAJGARH,Madhya Pradesh,Lok Sabha,147000000.0,92107905.0,62.66,54.0,301.0,15.21,54892095.0,265.0,265.0,0.0,,0.6265843877551021,247.0
AWADHESH PRASAD,FAIZABAD,Uttar Pradesh,Lok Sabha,147000000.0,92097873.0,62.65,108.0,93.0,53.73,54902127.0,288.0,253.0,35.0,,0.6265161428571429,-15.0
Dr. K. Laxman (2022-28),Sitting Rajya Sabha,Uttar Pradesh,Rajya Sabha,197637007.11,123809716.0,62.65,275.0,48.0,85.14,73827291.11000001,323.0,311.0,12.0,,0.6264500652506364,-227.0
RAKESH RATHOR,SITAPUR,Uttar Pradesh,Lok Sabha,147000000.0,91524162.0,62.26,21.0,50.0,29.58,55475838.0,105.0,104.0,1.0,,0.6226133469387755,29.0
SARABJEET SINGH KHALSA,FARIDKOT,Punjab,Lok Sabha,150850348.15,93855473.0,62.22,227.0,313.0,42.04,56994875.150000006,703.0,702.0,1.0,,0.6221760450076893,86.0
SACHITHANANTHAM R,DINDIGUL,Tamil Nadu,Lok Sabha,147000000.0,91226196.0,62.06,50.0,84.0,37.31,55773804.0,87.0,84.0,3.0,,0.6205863673469387,34.0
Shri Chandrakant Damodar Handore (2024-30),Sitting Rajya Sabha,Maharashtra,Rajya Sabha,147000000.0,91048479.0,61.94,9.0,29.0,23.68,55951521.0,26.0,26.0,0.0,,0.6193774081632653,20.0
CHHOTELAL,ROBERTSGANJ,Uttar Pradesh,Lok Sabha,147000000.0,90952339.0,61.87,261.0,174.0,60.0,56047661.0,728.0,726.0,2.0,,0.6187233945578231,-87.0
Shri Karti P Chidambaram,SIVAGANGA,Tamil Nadu,Lok Sabha,159049284.11,98344507.0,61.83,117.0,65.0,64.29,60704777.110000014,147.0,145.0,2.0,,0.6183272534064598,-52.0
Dinesh Chandra Yadav,MADHEPURA,Bihar,Lok Sabha,150070866.11,92486814.0,61.63,105.0,51.0,67.31,57584052.110000014,113.0,113.0,0.0,,0.6162876006340122,-54.0
Dr. Sikander Kumar (2022-28),Sitting Rajya Sabha,Himachal Pradesh,Rajya Sabha,207863957.11,127603852.04,61.39,170.0,224.0,43.15,80260105.07000001,421.0,413.0,8.0,,0.6138815685707023,54.0
Manickam Tagore B,VIRUDHUNAGAR,Tamil Nadu,Lok Sabha,147000000.0,90165437.0,61.34,69.0,17.0,80.23,56834563.0,93.0,93.0,0.0,,0.6133703197278911,-52.0
Shri Dorjee Tshering Lepcha (2024-30),Sitting Rajya Sabha,Sikkim,Rajya Sabha,150170726.11,91921040.0,61.21,85.0,33.0,72.03,58249686.110000014,183.0,183.0,0.0,,0.6121102453261621,-52.0
Shri Tejveer Singh (2024-30),Sitting Rajya Sabha,Uttar Pradesh,Rajya Sabha,147000000.0,89900058.0,61.16,53.0,33.0,61.63,57099942.0,152.0,152.0,0.0,,0.6115650204081633,-20.0
Shri Ratanjit Pratap Narain Singh (2024-30),Sitting Rajya Sabha,Uttar Pradesh,Rajya Sabha,147000000.0,89673432.0,61.0,83.0,42.0,66.4,57326568.0,213.0,213.0,0.0,,0.6100233469387755,-41.0
Asit Kumar Mal,BOLPUR,West Bengal,Lok Sabha,275694456.74,167302248.0,60.68,134.0,68.0,66.34,108392208.74,156.0,153.0,3.0,,0.6068393611474685,-66.0
MALAIYARASAN D,KALLAKURICHI,Tamil Nadu,Lok Sabha,201599593.0,121901141.0,60.47,198.0,188.0,51.3,79698452.0,204.0,204.0,0.0,,0.6046695788716201,-10.0
Sanjay Seth,RANCHI,Jharkhand,Lok Sabha,147064357.11,88234955.0,60.0,49.0,101.0,32.67,58829402.110000014,245.0,236.0,9.0,,0.5999751179274713,52.0
Dr Mohammad Jawed,KISHANGANJ,Bihar,Lok Sabha,148669229.11,89065400.0,59.91,130.0,79.0,62.2,59603829.110000014,138.0,138.0,0.0,,0.5990842929178083,-51.0
BHARTI PARDHI,BALAGHAT,Madhya Pradesh,Lok Sabha,154398389.01,92426127.0,59.86,80.0,89.0,47.34,61972262.00999999,491.0,485.0,6.0,,0.5986210581122954,9.0
Shri Satish Kumar Gautam,ALIGARH,Uttar Pradesh,Lok Sabha,147000000.0,87713538.0,59.67,21.0,82.0,20.39,59286462.0,127.0,127.0,0.0,,0.5966907346938776,61.0
Ganesan Selvam,KANCHEEPURAM,Tamil Nadu,Lok Sabha,186508749.11,111117216.0,59.58,273.0,183.0,59.87,75391533.11000001,291.0,289.0,2.0,,0.5957748176975053,-90.0
Kiren Rijiju,ARUNACHAL WEST,Arunachal Pradesh,Lok Sabha,147000000.0,87533016.0,59.55,114.0,17.0,87.02,59466984.0,162.0,156.0,6.0,,0.595462693877551,-97.0
Dileshwar Kamait,SUPAUL,Bihar,Lok Sabha,150450930.89,89329681.0,59.37,46.0,85.0,35.11,61121249.88999999,76.0,76.0,0.0,,0.5937462830676142,39.0
K E PRAKASH,ERODE,Tamil Nadu,Lok Sabha,147000000.0,87182728.0,59.31,141.0,92.0,60.52,59817272.0,148.0,147.0,1.0,,0.5930797823129251,-49.0
CN Annadurai,TIRUVANNAMALAI,Tamil Nadu,Lok Sabha,148579509.11,88000808.0,59.23,171.0,23.0,88.14,60578701.110000014,181.0,180.0,1.0,,0.5922809176523062,-148.0
CHANDRA SHEKHAR,NAGINA,Uttar Pradesh,Lok Sabha,147000000.0,87033825.0,59.21,286.0,221.0,56.41,59966175.0,893.0,784.0,109.0,,0.5920668367346938,-65.0
Janardan Mishra,REWA,Madhya Pradesh,Lok Sabha,147000000.0,86935425.0,59.14,1.0,106.0,0.93,60064575.0,78.0,76.0,2.0,,0.5913974489795918,105.0
ADITYA YADAV,BADAUN,Uttar Pradesh,Lok Sabha,147000000.0,86893966.0,59.11,41.0,93.0,30.6,60106034.0,189.0,186.0,3.0,,0.5911154149659864,52.0
Suresh Kumar Kashyap,SHIMLA,Himachal Pradesh,Lok Sabha,153563957.11,90424211.0,58.88,83.0,458.0,15.34,63139746.110000014,591.0,586.0,5.0,,0.5888374635672345,375.0
VIRENDRA SINGH,CHANDAULI,Uttar Pradesh,Lok Sabha,147000000.0,86345853.0,58.74,13.0,19.0,40.63,60654147.0,49.0,45.0,4.0,,0.5873867551020409,6.0
NALIN SOREN,DUMKA,Jharkhand,Lok Sabha,147364097.11,86550781.0,58.73,106.0,319.0,24.94,60813316.110000014,289.0,289.0,0.0,,0.5873261038297145,213.0
LALJI VERMA,AMBEDKAR NAGAR,Uttar Pradesh,Lok Sabha,147000000.0,86165424.0,58.62,61.0,206.0,22.85,60834576.0,287.0,280.0,7.0,,0.5861593469387755,145.0
Shri Mukul Wasnik (2022-28),Sitting Rajya Sabha,Rajasthan,Rajya Sabha,196063957.11,114656779.01,58.48,94.0,79.0,54.34,81407178.10000001,455.0,451.0,4.0,,0.5847927416137623,-15.0
Jai Prakash,HARDOI,Uttar Pradesh,Lok Sabha,147000000.0,85755277.0,58.34,3.0,21.0,12.5,61244723.0,47.0,47.0,0.0,,0.583369231292517,18.0
RAMBHUAL NISHAD,SULTANPUR,Uttar Pradesh,Lok Sabha,151231957.11,87473694.0,57.84,6.0,44.0,12.0,63758263.110000014,26.0,25.0,1.0,,0.5784074720158199,38.0
ALFRED KANNGAM S ARTHUR,OUTER MANIPUR,Manipur,Lok Sabha,147000000.0,84951963.0,57.79,15.0,21.0,41.67,62048037.0,72.0,72.0,0.0,,0.5779045102040816,6.0
Shri Pradip Kumar Varma (2024-30),Sitting Rajya Sabha,Jharkhand,Rajya Sabha,178564551.09,101069118.0,56.6,24.0,213.0,10.13,77495433.09,244.0,242.0,2.0,,0.5660088600063694,189.0
Durga Das Uikey,BETUL,Madhya Pradesh,Lok Sabha,151569502.91,85636977.0,56.5,288.0,210.0,57.83,65932525.91,437.0,435.0,2.0,,0.565001371356678,-78.0
Shri P. Chidambaram (2022-28),Sitting Rajya Sabha,Tamil Nadu,Rajya Sabha,236312242.52,133481597.0,56.49,75.0,69.0,52.08,102830645.52,189.0,188.0,1.0,,0.5648526524761109,-6.0
TANUJ PUNIA,BARABANKI,Uttar Pradesh,Lok Sabha,148198170.11,83397272.0,56.27,13.0,20.0,39.39,64800898.110000014,30.0,30.0,0.0,,0.5627415772954445,7.0
Arvind Dharmapuri,NIZAMABAD,Telangana,Lok Sabha,281396355.11,158096817.0,56.18,476.0,440.0,51.97,123299538.11,526.0,526.0,0.0,,0.5618296546101271,-36.0
DAROGA PRASAD SAROJ,LALGANJ,Uttar Pradesh,Lok Sabha,147000000.0,82499872.0,56.12,58.0,236.0,19.73,64500128.0,282.0,253.0,29.0,,0.5612236190476191,178.0
Mahesh Sharma,GAUTAM BUDDHA NAGAR,Uttar Pradesh,Lok Sabha,148816284.11,83408358.0,56.05,68.0,105.0,39.31,65407926.110000014,130.0,126.0,4.0,,0.5604787036501149,37.0
Dr. Vikramjit Singh Sahney (2022-28),Sitting Rajya Sabha,Punjab,Rajya Sabha,198656208.57,111224375.74,55.99,27.0,34.0,44.26,87431832.83000003,348.0,347.0,1.0,,0.5598837133791775,7.0
Shri Naresh Bansal (2020-26),Sitting Rajya Sabha,Uttarakhand,Rajya Sabha,222043184.71,124316327.0,55.99,106.0,132.0,44.54,97726857.71,215.0,212.0,3.0,,0.5598745449555843,26.0
V S Matheswaran,NAMAKKAL,Tamil Nadu,Lok Sabha,162539930.11,90580955.0,55.73,140.0,65.0,68.29,71958975.11000001,141.0,141.0,0.0,,0.557284323542521,-75.0
K Subbarayan,TIRUPPUR,Tamil Nadu,Lok Sabha,147000000.0,81901423.0,55.72,65.0,53.0,55.08,65098577.0,75.0,75.0,0.0,,0.557152537414966,-12.0
Gyaneshwar Patil,KHANDWA,Madhya Pradesh,Lok Sabha,155690684.77,86443874.0,55.52,164.0,206.0,44.32,69246810.77000001,471.0,458.0,13.0,,0.555228298518325,42.0
CHANDAN CHAUHAN,BIJNOR,Uttar Pradesh,Lok Sabha,147000000.0,81527459.0,55.46,14.0,102.0,12.07,65472541.0,212.0,189.0,23.0,,0.5546085646258503,88.0
Shri Meda Raghunadha Reddy (2024-30),Sitting Rajya Sabha,Andhra Pradesh,Rajya Sabha,147000000.0,81390969.0,55.37,111.0,138.0,44.58,65609031.0,138.0,131.0,7.0,,0.5536800612244898,27.0
DEVESH SHAKYA,ETAH,Uttar Pradesh,Lok Sabha,147000000.0,81351075.0,55.34,220.0,118.0,65.09,65648925.0,581.0,581.0,0.0,,0.5534086734693877,-102.0
SHASHANK MANI,DEORIA,Uttar Pradesh,Lok Sabha,147000000.0,80936917.0,55.06,45.0,81.0,35.71,66063083.0,142.0,135.0,7.0,,0.5505912721088435,36.0
Shri Narendra Modi,VARANASI,Uttar Pradesh,Lok Sabha,162070276.11,89119541.0,54.99,192.0,24.0,88.89,72950735.11000001,192.0,155.0,37.0,,0.5498820828781272,-168.0
MALVINDER SINGH KANG,ANANDPUR SAHIB,Punjab,Lok Sabha,147000000.0,80624799.0,54.85,109.0,266.0,29.07,66375201.0,792.0,752.0,40.0,,0.5484680204081632,157.0
TARIQ ANWAR,KATIHAR,Bihar,Lok Sabha,147000000.0,79735060.0,54.24,60.0,26.0,69.77,67264940.0,82.0,82.0,0.0,,0.5424153741496599,-34.0
Shri Rwngwra Narzary (2022-28),Sitting Rajya Sabha,Assam,Rajya Sabha,220563957.11,119437440.0,54.15,17.0,149.0,10.24,101126517.11,176.0,174.0,2.0,,0.5415093271129243,132.0
Vijay Kumar Dubey,KUSHI NAGAR,Uttar Pradesh,Lok Sabha,148900000.0,80256423.0,53.9,132.0,107.0,55.23,68643577.0,324.0,324.0,0.0,,0.5389954533243788,-25.0
Smt Harsimrat Kaur Badal,BHATINDA,Punjab,Lok Sabha,159775982.39,86041765.0,53.85,147.0,223.0,39.73,73734217.38999999,1497.0,1411.0,86.0,,0.5385150115364595,76.0
SAVITRI THAKUR,DHAR,Madhya Pradesh,Lok Sabha,147000000.0,79075366.0,53.79,179.0,160.0,52.8,67924634.0,480.0,477.0,3.0,,0.5379276598639455,-19.0
Shri Nagendra Ray (2023-29),Sitting Rajya Sabha,West Bengal,Rajya Sabha,171500000.0,91735859.0,53.49,2.0,20.0,9.09,79764141.0,14.0,13.0,1.0,,0.5349029679300291,18.0
D Ravikumar,VILUPPURAM,Tamil Nadu,Lok Sabha,197598306.11,105671025.0,53.48,222.0,66.0,77.08,91927281.11,234.0,229.0,5.0,,0.5347769780029112,-156.0
KANWAR SINGH TANWAR,AMROHA,Uttar Pradesh,Lok Sabha,147000000.0,78135018.0,53.15,59.0,45.0,56.73,68864982.0,81.0,81.0,0.0,,0.5315307346938776,-14.0
Vishnu Dayal Ram,PALAMU,Jharkhand,Lok Sabha,158176083.11,83852477.0,53.01,117.0,154.0,43.17,74323606.11000001,333.0,332.0,1.0,,0.5301210862686913,37.0
KALI CHARAN MUNDA,KHUNTI,Jharkhand,Lok Sabha,147000000.0,77772545.0,52.91,31.0,274.0,10.16,69227455.0,240.0,240.0,0.0,,0.5290649319727891,243.0
Shri Vivek K. Tankha (2022-28),Sitting Rajya Sabha,Madhya Pradesh,Rajya Sabha,220563957.11,116395421.0,52.77,118.0,388.0,23.32,104168536.11,633.0,629.0,4.0,,0.5277173230164305,270.0
MURASOLI S,THANJAVUR,Tamil Nadu,Lok Sabha,147000000.0,77333643.0,52.61,46.0,42.0,52.27,69666357.0,72.0,69.0,3.0,,0.5260792040816327,-4.0
Shri Anil Firojiya,UJJAIN,Madhya Pradesh,Lok Sabha,147000000.0,77071399.0,52.43,152.0,96.0,61.29,69928601.0,289.0,286.0,3.0,,0.524295231292517,-56.0
Shri Imran Pratapgarhi (2022-28),Sitting Rajya Sabha,Maharashtra,Rajya Sabha,196000000.0,102738277.0,52.42,53.0,55.0,49.07,93261723.0,75.0,75.0,0.0,,0.5241748826530612,2.0
Sasikanth Senthil,TIRUVALLUR,Tamil Nadu,Lok Sabha,171500000.0,89733784.0,52.32,87.0,95.0,47.8,81766216.0,134.0,132.0,2.0,,0.5232290612244898,8.0
Shankar Lalwani,INDORE,Madhya Pradesh,Lok Sabha,147000000.0,76896131.0,52.31,145.0,157.0,48.01,70103869.0,272.0,272.0,0.0,,0.5231029319727891,12.0
ANAND BHADAURIYA,DHAURAHRA,Uttar Pradesh,Lok Sabha,147000000.0,76758938.0,52.22,132.0,45.0,74.58,70241062.0,360.0,359.0,1.0,,0.5221696462585034,-87.0
Kalyan Banerjee,SREERAMPUR,West Bengal,Lok Sabha,147000000.0,76719145.0,52.19,83.0,36.0,69.75,70280855.0,110.0,110.0,0.0,,0.5218989455782312,-47.0
Shri Narayanasa K. Bhandage (2024-30),Sitting Rajya Sabha,Karnataka,Rajya Sabha,147450000.0,76863625.0,52.13,87.0,69.0,55.77,70586375.0,164.0,163.0,1.0,,0.5212860291624279,-18.0
DAGGUMALLA PRASADA RAO,CHITTOOR,Andhra Pradesh,Lok Sabha,147000000.0,76341346.0,51.93,111.0,125.0,47.03,70658654.0,156.0,156.0,0.0,,0.5193288843537415,14.0
Shri Chunnilal Garasiya (2024-30),Sitting Rajya Sabha,Rajasthan,Rajya Sabha,147000000.0,75910578.0,51.64,24.0,153.0,13.56,71089422.0,178.0,176.0,2.0,,0.5163984897959184,129.0
KRISHNA DEVI SHIVSHANKER PATEL,BANDA,Uttar Pradesh,Lok Sabha,147000000.0,75878699.67,51.62,202.0,240.0,45.7,71121300.33,341.0,329.0,12.0,,0.5161816304081632,38.0
Mr Gopal Jee Thakur,DARBHANGA,Bihar,Lok Sabha,147000000.0,75767756.0,51.54,59.0,120.0,32.96,71232244.0,156.0,156.0,0.0,,0.5154269115646258,61.0
RAMESH AWASTHI,KANPUR,Uttar Pradesh,Lok Sabha,147000000.0,75758324.0,51.54,48.0,92.0,34.29,71241676.0,98.0,98.0,0.0,,0.5153627482993197,44.0
Bidyut Baran Mahato,JAMSHEDPUR,Jharkhand,Lok Sabha,147000000.0,75745972.0,51.53,2.0,176.0,1.12,71254028.0,189.0,189.0,0.0,,0.5152787210884354,174.0
Shri Pramod Tiwari (2022-28),Sitting Rajya Sabha,Rajasthan,Rajya Sabha,196063957.11,101024659.0,51.53,65.0,66.0,49.62,95039298.11,220.0,218.0,2.0,,0.5152637970237486,1.0
DR. RAJ KUMAR CHABBEWAL,HOSHIARPUR,Punjab,Lok Sabha,147000000.0,75587847.0,51.42,93.0,193.0,32.52,71412153.0,1262.0,1254.0,8.0,,0.5142030408163265,100.0
VINOD KUMAR BIND,BHADOHI,Uttar Pradesh,Lok Sabha,147000000.0,75517267.0,51.37,407.0,137.0,74.82,71482733.0,525.0,418.0,107.0,,0.5137229047619047,-270.0
Ajay Kumar Mandal,BHAGALPUR,Bihar,Lok Sabha,147000000.0,75252620.0,51.19,55.0,19.0,74.32,71747380.0,71.0,71.0,0.0,,0.5119225850340136,-36.0
Shri Harsh Mahajan (2024-30),Sitting Rajya Sabha,Himachal Pradesh,Rajya Sabha,147000000.0,75231105.0,51.18,154.0,307.0,33.41,71768895.0,473.0,469.0,4.0,,0.5117762244897959,153.0
UTKARSH VERMA MADHUR,KHERI,Uttar Pradesh,Lok Sabha,147000000.0,74909150.0,50.96,347.0,13.0,96.39,72090850.0,699.0,699.0,0.0,,0.5095860544217687,-334.0
MOHIBBULLAH,RAMPUR,Uttar Pradesh,Lok Sabha,147000000.0,74744421.0,50.85,219.0,117.0,65.18,72255579.0,344.0,300.0,44.0,,0.5084654489795918,-102.0
Pratima Mondal,JOYNAGAR,West Bengal,Lok Sabha,147000000.0,74379705.0,50.6,170.0,53.0,76.23,72620295.0,185.0,185.0,0.0,,0.505984387755102,-117.0
Smt. Sonia Gandhi (2024-30),Sitting Rajya Sabha,Rajasthan,Rajya Sabha,147000000.0,74225676.0,50.49,46.0,82.0,35.94,72774324.0,144.0,141.0,3.0,,0.5049365714285714,36.0
RAJESH VERMA,KHAGARIA,Bihar,Lok Sabha,147000000.0,74186362.0,50.47,67.0,9.0,88.16,72813638.0,69.0,69.0,0.0,,0.5046691292517007,-58.0
RADHE SHYAM RATHIYA,RAIGARH,Chhattisgarh,Lok Sabha,159706972.09,80350812.0,50.31,72.0,66.0,52.17,79356160.09,212.0,209.0,3.0,,0.5031139902566041,-6.0
Kalanidhi Veeraswamy,CHENNAI NORTH,Tamil Nadu,Lok Sabha,171500000.0,86228598.0,50.28,40.0,60.0,40.0,85271402.0,58.0,57.0,1.0,,0.5027906588921283,20.0
Shri Babubhai Jesangbhai Desai (2023-29),Sitting Rajya Sabha,Gujarat,Rajya Sabha,171500000.0,85880425.0,50.08,137.0,145.0,48.58,85619575.0,172.0,168.0,4.0,,0.5007604956268221,8.0
PRABHAKAR REDDY VEMIREDDY,NELLORE,Andhra Pradesh,Lok Sabha,147000000.0,73610054.0,50.07,124.0,32.0,79.49,73389946.0,136.0,135.0,1.0,,0.5007486666666666,-92.0
ABHAY KUMAR SINHA,AURANGABAD,Bihar,Lok Sabha,147000000.0,73566109.0,50.04,124.0,148.0,45.59,73433891.0,159.0,158.0,1.0,,0.5004497210884353,24.0
ROOP KUMARI CHOUDHARY,MAHASAMUND,Chhattisgarh,Lok Sabha,153035414.0,76172172.0,49.77,72.0,107.0,40.22,76863242.0,250.0,248.0,2.0,,0.4977421239243356,35.0
Shri Surendra Singh Nagar (2022-28),Sitting Rajya Sabha,Uttar Pradesh,Rajya Sabha,220563957.11,109500434.16,49.65,98.0,200.0,32.89,111063522.95000002,281.0,272.0,9.0,,0.49645660875312353,102.0
Gumma Thanuja Rani,ARAKU,Andhra Pradesh,Lok Sabha,149458905.11,74148372.0,49.61,28.0,112.0,20.0,75310533.11000001,92.0,86.0,6.0,,0.4961121048319447,84.0
BIJULI KALITA MEDHI,GUWAHATI,Assam,Lok Sabha,147000000.0,72761435.0,49.5,5.0,145.0,3.33,74238565.0,170.0,165.0,5.0,,0.49497574829931973,140.0
RAJESH RANJAN ALIAS PAPPU YADAV,PURNEA,Bihar,Lok Sabha,147000000.0,72622818.0,49.4,46.0,125.0,26.9,74377182.0,76.0,76.0,0.0,,0.4940327755102041,79.0
Bharatsinhji Shankarji Dabhi,PATAN,Gujarat,Lok Sabha,147000000.0,72505536.0,49.32,160.0,174.0,47.9,74494464.0,205.0,198.0,7.0,,0.4932349387755102,14.0
BALRAM NAIK PORIKA,MAHABUBABAD,Telangana,Lok Sabha,147000000.0,72320239.0,49.2,238.0,122.0,66.11,74679761.0,292.0,292.0,0.0,,0.4919744149659864,-116.0
JAI PARKASH,HISAR,Haryana,Lok Sabha,147000000.0,72143302.0,49.08,68.0,375.0,15.35,74856698.0,356.0,330.0,26.0,,0.49077076190476193,307.0
RAJA RAM SINGH,KARAKAT,Bihar,Lok Sabha,147000000.0,71841783.0,48.87,114.0,215.0,34.65,75158217.0,191.0,187.0,4.0,,0.48871961224489796,101.0
KALIPADA SAREN,JHARGRAM,West Bengal,Lok Sabha,147000000.0,71784126.0,48.83,40.0,23.0,63.49,75215874.0,49.0,48.0,1.0,,0.48832738775510204,-17.0
M.K. VISHNUPRASAD,CUDDALORE,Tamil Nadu,Lok Sabha,147000000.0,71744686.0,48.81,74.0,43.0,63.25,75255314.0,91.0,90.0,1.0,,0.48805908843537416,-31.0
Shri Abhishek Banerjee,DIAMOND HARBOUR,West Bengal,Lok Sabha,147000000.0,71510891.0,48.65,200.0,120.0,62.5,75489109.0,262.0,262.0,0.0,,0.4864686462585034,-80.0
Andimuthu Raja,NILGIRIS,Tamil Nadu,Lok Sabha,147000000.0,71485310.0,48.63,73.0,41.0,64.04,75514690.0,87.0,87.0,0.0,,0.4862946258503401,-32.0
AFZAL ANSARI,GHAZIPUR,Uttar Pradesh,Lok Sabha,220500000.0,107091112.0,48.57,35.0,391.0,8.22,113408888.0,286.0,285.0,1.0,,0.48567397732426304,356.0
Shri Ravi Chandra Vaddiraju (2024-30),Sitting Rajya Sabha,Telangana,Rajya Sabha,152732534.11,74168159.0,48.56,107.0,169.0,38.77,78564375.11000001,165.0,162.0,3.0,,0.48560812162379957,62.0
Kirti Vardhan Singh,GONDA,Uttar Pradesh,Lok Sabha,147000000.0,71075338.0,48.35,35.0,118.0,22.88,75924662.0,180.0,176.0,4.0,,0.4835057006802721,83.0
Smt. Sudha Murty (2024-30),Nominated Rajya Sabha,Karnataka,Rajya Sabha,147000000.0,71000000.0,48.3,0.0,10.0,0.0,76000000.0,8.0,8.0,0.0,,0.48299319727891155,10.0
Jyotsna Charandas Mahant,KORBA,Chhattisgarh,Lok Sabha,155153738.11,74709092.0,48.15,136.0,174.0,43.87,80444646.11000001,432.0,428.0,4.0,,0.4815165455248856,38.0
Shri Kapil Sibal (2022-28),Sitting Rajya Sabha,Uttar Pradesh,Rajya Sabha,196063957.11,94339935.12,48.12,64.0,161.0,28.44,101724021.99,291.0,279.0,12.0,,0.48116918841473444,97.0
Prasun Banerjee,HOWRAH,West Bengal,Lok Sabha,147000000.0,70699743.0,48.1,136.0,91.0,59.91,76300257.0,158.0,146.0,12.0,,0.4809506326530612,-45.0
KISHORI LAL,AMETHI,Uttar Pradesh,Lok Sabha,171500000.0,82481354.0,48.09,19.0,32.0,37.25,89018646.0,75.0,71.0,4.0,,0.4809408396501458,13.0
Rajnath Singh,LUCKNOW,Uttar Pradesh,Lok Sabha,154808797.11,74407887.0,48.06,31.0,71.0,30.39,80400910.11000001,74.0,71.0,3.0,,0.48064379020482395,40.0
Mansukhbhai Dhanjibhai Vasava,BHARUCH,Gujarat,Lok Sabha,147000000.0,70528294.0,47.98,208.0,189.0,52.39,76471706.0,247.0,236.0,11.0,,0.47978431292517004,-19.0
RANJIT DUTTA,Sonitpur,Assam,Lok Sabha,147000000.0,70491912.0,47.95,24.0,127.0,15.89,76508088.0,341.0,325.0,16.0,,0.4795368163265306,103.0
Ashok Kumar Yadav,MADHUBANI,Bihar,Lok Sabha,147000000.0,70438959.0,47.92,81.0,108.0,42.86,76561041.0,132.0,132.0,0.0,,0.47917659183673467,27.0
Shri B Y Raghavendra,SHIMOGA,Karnataka,Lok Sabha,147000000.0,70428761.0,47.91,49.0,213.0,18.7,76571239.0,298.0,296.0,2.0,,0.4791072176870748,164.0
Smt. Maya Naroliya (2024-30),Sitting Rajya Sabha,Madhya Pradesh,Rajya Sabha,147000000.0,70041767.0,47.65,16.0,140.0,10.26,76958233.0,180.0,172.0,8.0,,0.47647460544217685,124.0
PRIYA SAROJ,MACHHLISHAHR,Uttar Pradesh,Lok Sabha,147000000.0,69805592.0,47.49,725.0,669.0,52.01,77194408.0,1048.0,1047.0,1.0,,0.47486797278911563,-56.0
Radha Mohan Singh,PURVI CHAMPARAN,Bihar,Lok Sabha,147000000.0,69803891.0,47.49,60.0,64.0,48.39,77196109.0,83.0,83.0,0.0,,0.47485640136054424,4.0
Shri G.C. Chandrashekhar (2024-30),Sitting Rajya Sabha,Karnataka,Rajya Sabha,147000000.0,69767504.0,47.46,65.0,132.0,32.99,77232496.0,149.0,146.0,3.0,,0.4746088707482993,67.0
AMARSING TISSO,Diphu,Assam,Lok Sabha,147000000.0,69670509.0,47.39,41.0,53.0,43.62,77329491.0,192.0,172.0,20.0,,0.47394904081632655,12.0
ARUN NEHRU,PERAMBALUR,Tamil Nadu,Lok Sabha,147000000.0,69561568.0,47.32,54.0,28.0,65.85,77438432.0,82.0,81.0,1.0,,0.4732079455782313,-26.0
BALWANT BASWANT WANKHADE,AMRAVATI,Maharashtra,Lok Sabha,198293678.0,93790658.0,47.3,51.0,116.0,30.54,104503020.0,120.0,112.0,8.0,,0.4729886446505874,65.0
IMRAN MASOOD,SAHARANPUR,Uttar Pradesh,Lok Sabha,147000000.0,69261651.0,47.12,51.0,64.0,44.35,77738349.0,79.0,70.0,9.0,,0.47116769387755103,13.0
Thirumaa Valavan Thol,CHIDAMBARAM,Tamil Nadu,Lok Sabha,147000000.0,69102493.0,47.01,45.0,35.0,56.25,77897507.0,80.0,79.0,1.0,,0.4700849863945578,-10.0
Dr. Sangeeta Balwant (2024-30),Sitting Rajya Sabha,Uttar Pradesh,Rajya Sabha,147000000.0,68851419.5,46.84,2.0,383.0,0.52,78148580.5,254.0,254.0,0.0,,0.46837700340136057,381.0
DR. HEMANG JOSHI,VADODARA,Gujarat,Lok Sabha,147000000.0,68589263.0,46.66,71.0,134.0,34.63,78410737.0,122.0,120.0,2.0,,0.46659362585034014,63.0
Shri Brij Lal (2020-26),Sitting Rajya Sabha,Uttar Pradesh,Rajya Sabha,196063957.11,91370638.0,46.6,113.0,37.0,75.33,104693319.11,160.0,159.0,1.0,,0.4660246551523862,-76.0
Swami Sachchidanandhari Sakshi ji Maharaj,UNNAO,Uttar Pradesh,Lok Sabha,147000000.0,68421377.0,46.55,12.0,77.0,13.48,78578623.0,69.0,62.0,7.0,,0.4654515442176871,65.0
Gajendra Singh Patel,KHARGONE,Madhya Pradesh,Lok Sabha,147000000.0,68143099.0,46.36,104.0,232.0,30.95,78856901.0,383.0,381.0,2.0,,0.46355849659863946,128.0
Shri V. Vijayendra Prasad (2022-28),Nominated Rajya Sabha,Andhra Pradesh,Rajya Sabha,196063957.11,90827947.0,46.33,74.0,121.0,37.95,105236010.11,113.0,107.0,6.0,,0.46325672672740026,47.0
Dr. Sarfraz Ahmad (2024-30),Sitting Rajya Sabha,Jharkhand,Rajya Sabha,178564551.09,82543604.0,46.23,20.0,362.0,5.24,96020947.09,186.0,156.0,30.0,,0.4622619859100501,342.0
Shri Gurjeet Singh Aujla,AMRITSAR,Punjab,Lok Sabha,147000000.0,67639837.0,46.01,91.0,190.0,32.38,79360163.0,329.0,325.0,4.0,,0.4601349455782313,99.0
Shri Hanuman Beniwal,NAGAUR,Rajasthan,Lok Sabha,147000000.0,67502015.0,45.92,177.0,73.0,70.8,79497985.0,316.0,315.0,1.0,,0.45919738095238094,-104.0
SURENDRA PRASAD YADAV,JAHANABAD,Bihar,Lok Sabha,155325714.0,71115717.0,45.78,142.0,161.0,46.86,84209997.0,203.0,199.0,4.0,,0.45784896247121065,19.0
Smt. Sulata Deo (2022-28),Sitting Rajya Sabha,Odisha,Rajya Sabha,196084721.4,89713285.0,45.75,115.0,200.0,36.51,106371436.4,305.0,302.0,3.0,,0.457523076553174,85.0
Shri Harbhajan Singh (2022-28),Sitting Rajya Sabha,Punjab,Rajya Sabha,220984094.27,101056126.52,45.73,77.0,120.0,39.09,119927967.75,530.0,523.0,7.0,,0.4573004534730399,43.0
Anurag Sharma,JHANSI,Uttar Pradesh,Lok Sabha,147000000.0,67201462.0,45.72,85.0,77.0,52.47,79798538.0,242.0,235.0,7.0,,0.45715280272108844,-8.0
ANAND KUMAR,BAHRAICH,Uttar Pradesh,Lok Sabha,147000000.0,66987751.0,45.57,32.0,79.0,28.83,80012249.0,102.0,102.0,0.0,,0.4556989863945578,47.0
Shatrughan Sinha,ASANSOL,West Bengal,Lok Sabha,147000000.0,66966504.0,45.56,5.0,27.0,15.63,80033496.0,20.0,20.0,0.0,,0.45555444897959185,22.0
SANJNA JATAV,BHARATPUR,Rajasthan,Lok Sabha,147000000.0,66932558.1,45.53,76.0,169.0,31.02,80067441.9,733.0,713.0,20.0,,0.4553235244897959,93.0
RAJEEV BHARDWAJ,KANGRA,Himachal Pradesh,Lok Sabha,179388967.11,81653389.0,45.52,207.0,421.0,32.96,97735578.11,657.0,648.0,9.0,,0.4551750886102752,214.0
Prof. Manoj Kumar Jha (2024-30),Sitting Rajya Sabha,Bihar,Rajya Sabha,191620112.11,87200986.0,45.51,110.0,66.0,62.5,104419126.11,111.0,111.0,0.0,,0.45507220009318256,-44.0
DURAI VAIKO,TIRUCHIRAPPALLI,Tamil Nadu,Lok Sabha,147000000.0,66737879.0,45.4,45.0,35.0,56.25,80262121.0,59.0,53.0,6.0,,0.4539991768707483,-10.0
ARUN GOVIL,MEERUT,Uttar Pradesh,Lok Sabha,147000000.0,66737649.0,45.4,36.0,196.0,15.52,80262351.0,172.0,169.0,3.0,,0.453997612244898,160.0
K. RAJASHEKAR BASAVARAJ HITNAL,KOPPAL,Karnataka,Lok Sabha,147000000.0,66577182.0,45.29,67.0,126.0,34.72,80422818.0,200.0,199.0,1.0,,0.452906,59.0
Kripanath Mallah,KARIMGANJ,Assam,Lok Sabha,147000000.0,66488500.0,45.23,0.0,94.0,0.0,80511500.0,116.0,116.0,0.0,,0.4523027210884354,94.0
RAJEEV RAI,GHOSI,Uttar Pradesh,Lok Sabha,147000000.0,66462043.0,45.21,108.0,164.0,39.71,80537957.0,311.0,309.0,2.0,,0.45212274149659865,56.0
UMMEDA RAM BENIWAL,BARMER,Rajasthan,Lok Sabha,147000000.0,66028772.0,44.92,96.0,88.0,52.17,80971228.0,188.0,186.0,2.0,,0.44917531972789115,-8.0
BRIJMOHAN AGRAWAL,RAIPUR,Chhattisgarh,Lok Sabha,153766451.11,68756217.0,44.71,38.0,126.0,23.17,85010234.11000001,168.0,165.0,3.0,,0.44714706298849166,88.0
C R Patil,NAVSARI,Gujarat,Lok Sabha,158532494.36,70852870.0,44.69,268.0,140.0,65.69,87679624.36000001,281.0,262.0,19.0,,0.44692963600954466,-128.0
RAHUL SINGH LODHI,DAMOH,Madhya Pradesh,Lok Sabha,163058785.37,72714957.0,44.59,176.0,123.0,58.86,90343828.37,342.0,341.0,1.0,,0.4459432028455321,-53.0
Dr. Anil Sukhdeorao Bonde (2022-28),Sitting Rajya Sabha,Maharashtra,Rajya Sabha,196063957.11,86399726.0,44.07,50.0,135.0,27.03,109664231.11,84.0,79.0,5.0,,0.4406711323873065,85.0
Shri Naveen Jain (2024-30),Sitting Rajya Sabha,Uttar Pradesh,Rajya Sabha,147000000.0,64773227.0,44.06,10.0,158.0,5.95,82226773.0,94.0,94.0,0.0,,0.44063419727891157,148.0
Shri Dharambir Singh,BHIWANI MAHENDRAGARH,Haryana,Lok Sabha,147000000.0,64666803.0,43.99,103.0,103.0,50.0,82333197.0,186.0,177.0,9.0,,0.43991022448979594,0.0
UJJWAL RAMAN SINGH,ALLAHABAD,Uttar Pradesh,Lok Sabha,147000000.0,64478327.0,43.86,3.0,28.0,9.68,82521673.0,67.0,59.0,8.0,,0.438628074829932,25.0
Shri Deepak (Dev) Adhikari,GHATAL,West Bengal,Lok Sabha,200747364.0,87788715.0,43.73,165.0,40.0,80.49,112958649.0,176.0,176.0,0.0,,0.4373094283818342,-125.0
RAJ KUMAR ROAT,BANSWARA,Rajasthan,Lok Sabha,147000000.0,63682021.0,43.32,23.0,93.0,19.83,83317979.0,125.0,121.0,4.0,,0.43321102721088434,70.0
MAHESH KASHYAP,BASTAR,Chhattisgarh,Lok Sabha,147000000.0,63670367.5,43.31,38.0,168.0,18.45,83329632.5,194.0,188.0,6.0,,0.43313175170068025,130.0
Sunil Kumar,VALMIKI NAGAR,Bihar,Lok Sabha,147000000.0,63664429.0,43.31,79.0,179.0,30.62,83335571.0,87.0,87.0,0.0,,0.4330913537414966,100.0
JOYANTA BASUMATARY,KOKRAJHAR,Assam,Lok Sabha,147000000.0,63280971.0,43.05,20.0,109.0,15.5,83719029.0,82.0,79.0,3.0,,0.43048279591836736,89.0
ALOK SHARMA,BHOPAL,Madhya Pradesh,Lok Sabha,147000000.0,63242243.0,43.02,22.0,68.0,24.44,83757757.0,85.0,84.0,1.0,,0.4302193401360544,46.0
CHAMALA KIRAN KUMAR REDDY,BHONGIR,Telangana,Lok Sabha,147000000.0,62689273.0,42.65,417.0,78.0,84.24,84310727.0,434.0,434.0,0.0,,0.4264576394557823,-339.0
YADUVEER KRISHNADATTA CHAMARAJA WADIYAR,MYSORE,Karnataka,Lok Sabha,147000000.0,62346570.0,42.41,34.0,148.0,18.68,84653430.0,178.0,177.0,1.0,,0.4241263265306122,114.0
Smt. Nirmala Sitharaman (2022-28),Sitting Rajya Sabha,Karnataka,Rajya Sabha,215972051.45,91394660.0,42.32,7.0,16.0,30.43,124577391.45,10.0,7.0,3.0,,0.4231781815581768,9.0
Devendra Alias Bhole Singh,AKBARPUR,Uttar Pradesh,Lok Sabha,147000000.0,62000186.0,42.18,62.0,86.0,41.89,84999814.0,98.0,98.0,0.0,,0.42176997278911565,24.0
Kakoli Ghosh Dastidar,BARASAT,West Bengal,Lok Sabha,147000000.0,61929956.0,42.13,77.0,108.0,41.62,85070044.0,100.0,100.0,0.0,,0.4212922176870748,31.0
Santosh Pandey,RAJNANDGAON,Chhattisgarh,Lok Sabha,147000000.0,61685349.0,41.96,72.0,105.0,40.68,85314651.0,250.0,244.0,6.0,,0.4196282244897959,33.0
JITAN RAM MANJHI,GAYA,Bihar,Lok Sabha,147000000.0,61586729.0,41.9,152.0,108.0,58.46,85413271.0,191.0,187.0,4.0,,0.4189573401360544,-44.0
Mala Roy,KOLKATA DAKSHIN,West Bengal,Lok Sabha,147000000.0,61582788.0,41.89,32.0,43.0,42.67,85417212.0,65.0,64.0,1.0,,0.4189305306122449,11.0
LUMBARAM,JALORE,Rajasthan,Lok Sabha,147000000.0,61556876.0,41.88,77.0,102.0,43.02,85443124.0,610.0,609.0,1.0,,0.41875425850340137,25.0
SHOBHA KARANDLAJE,BANGALORE NORTH,Karnataka,Lok Sabha,147000000.0,61473509.0,41.82,21.0,93.0,18.42,85526491.0,104.0,104.0,0.0,,0.41818713605442176,72.0
CHINTAMANI MAHARAJ,SARGUJA,Chhattisgarh,Lok Sabha,147000000.0,61420121.0,41.78,70.0,260.0,21.21,85579879.0,372.0,365.0,7.0,,0.4178239523809524,190.0
NAVEEN JINDAL,KURUKSHETRA,Haryana,Lok Sabha,147000000.0,61262363.0,41.68,113.0,88.0,56.22,85737637.0,257.0,255.0,2.0,,0.416750768707483,-25.0
DHARMENDRA YADAV,AZAMGARH,Uttar Pradesh,Lok Sabha,147000000.0,61248647.0,41.67,16.0,52.0,23.53,85751353.0,53.0,48.0,5.0,,0.416657462585034,36.0
Shri Samirul Islam (2023-29),Sitting Rajya Sabha,West Bengal,Rajya Sabha,171500000.0,71238651.0,41.54,0.0,57.0,0.0,100261349.0,17.0,17.0,0.0,,0.41538572011661806,57.0
BHARATBHAI MANUBHAI SUTARIYA,AMRELI,Gujarat,Lok Sabha,147000000.0,60836765.0,41.39,154.0,171.0,47.38,86163235.0,184.0,182.0,2.0,,0.41385554421768705,17.0
SANATAN PANDEY,BALLIA,Uttar Pradesh,Lok Sabha,180420041.4,74595388.0,41.35,62.0,293.0,17.46,105824653.4,231.0,229.0,2.0,,0.41345400112517655,231.0
Shri Derek O' Brien (2023-29),Sitting Rajya Sabha,West Bengal,Rajya Sabha,171500000.0,70787264.0,41.28,0.0,35.0,0.0,100712736.0,16.0,16.0,0.0,,0.41275372594752185,35.0
BASAVARAJ BOMMAI,HAVERI,Karnataka,Lok Sabha,147000000.0,60561447.0,41.2,19.0,143.0,11.73,86438553.0,172.0,166.0,6.0,,0.41198263265306123,124.0
MANI. A.,DHARAMAPURI,Tamil Nadu,Lok Sabha,164515071.11,67070637.0,40.77,63.0,310.0,16.89,97444434.11,127.0,127.0,0.0,,0.4076868857513634,247.0
BALYA MAMA SURESH GOPINATH MHATRE,BHIWANDI,Maharashtra,Lok Sabha,147000000.0,59848620.0,40.71,11.0,153.0,6.71,87151380.0,74.0,70.0,4.0,,0.4071334693877551,142.0
BHUPENDER YADAV,ALWAR,Rajasthan,Lok Sabha,147000000.0,59638968.0,40.57,31.0,43.0,41.89,87361032.0,68.0,67.0,1.0,,0.40570726530612244,12.0
CHANDUBHAI CHHAGANBHAI SHIHORA,SURENDRANAGAR,Gujarat,Lok Sabha,147000000.0,59546562.0,40.51,100.0,109.0,47.85,87453438.0,211.0,208.0,3.0,,0.4050786530612245,9.0
Ms. Dola Sen (2023-29),Sitting Rajya Sabha,West Bengal,Rajya Sabha,171500000.0,69414332.0,40.47,1.0,26.0,3.7,102085668.0,20.0,20.0,0.0,,0.4047482915451895,25.0
DAMODAR AGARWAL,BHILWARA,Rajasthan,Lok Sabha,147000000.0,59365927.0,40.38,104.0,146.0,41.6,87634073.0,854.0,785.0,69.0,,0.403849843537415,42.0
DEEPENDER SINGH HOODA,ROHTAK,Haryana,Lok Sabha,147000000.0,59066490.0,40.18,70.0,107.0,39.55,87933510.0,148.0,144.0,4.0,,0.40181285714285714,37.0
JOBA MAJHI,SINGHBHUM,Jharkhand,Lok Sabha,147000000.0,59054467.0,40.17,0.0,118.0,0.0,87945533.0,127.0,127.0,0.0,,0.40173106802721087,118.0
Rahul Kaswan,CHURU,Rajasthan,Lok Sabha,147000000.0,58906024.0,40.07,37.0,216.0,14.62,88093976.0,541.0,515.0,26.0,,0.4007212517006803,179.0
Adv Dean Kuriakose,IDUKKI,Kerala,Lok Sabha,147000000.0,58754261.0,39.97,95.0,94.0,50.26,88245739.0,116.0,114.0,2.0,,0.39968885034013607,-1.0
Vijay Baghel,DURG,Chhattisgarh,Lok Sabha,147000000.0,58735103.0,39.96,70.0,144.0,32.71,88264897.0,249.0,243.0,6.0,,0.39955852380952384,74.0
Smt Himadri Singh,SHAHDOL,Madhya Pradesh,Lok Sabha,150724861.11,60185831.0,39.93,45.0,123.0,26.79,90539030.11,187.0,165.0,22.0,,0.3993092483666379,78.0
SHREYAS. M. PATEL,HASSAN,Karnataka,Lok Sabha,147000000.0,58673951.0,39.91,31.0,173.0,15.2,88326049.0,181.0,174.0,7.0,,0.3991425238095238,142.0
Sunil Dattatray Tatkare,RAIGAD,Maharashtra,Lok Sabha,147000000.0,58660128.0,39.9,18.0,44.0,29.03,88339872.0,73.0,73.0,0.0,,0.3990484897959184,26.0
Mitesh Rameshbhai Bakabhai Patel,ANAND,Gujarat,Lok Sabha,147000000.0,58453147.0,39.76,247.0,276.0,47.23,88546853.0,295.0,283.0,12.0,5.0,0.39764045578231294,29.0
Kanimozhi Karunanidhi,THOOTHUKKUDI,Tamil Nadu,Lok Sabha,147000000.0,58344698.0,39.69,12.0,41.0,22.64,88655302.0,34.0,33.0,1.0,,0.3969027074829932,29.0
DR C N MANJUNATH,BANGALORE RURAL,Karnataka,Lok Sabha,147000000.0,58172695.0,39.57,64.0,181.0,26.12,88827305.0,188.0,181.0,7.0,,0.395732619047619,117.0
SUDAMA PRASAD,ARRAH,Bihar,Lok Sabha,147000000.0,57716958.0,39.26,66.0,153.0,30.14,89283042.0,86.0,86.0,0.0,,0.3926323673469388,87.0
Saumitra khan,BISHNUPUR,West Bengal,Lok Sabha,147000000.0,57558347.0,39.16,48.0,34.0,58.54,89441653.0,52.0,49.0,3.0,,0.39155338095238096,-14.0
BRIJENDRA SINGH OLA,JHUNJHUNU,Rajasthan,Lok Sabha,147000000.0,57494662.0,39.11,94.0,73.0,56.29,89505338.0,450.0,447.0,3.0,,0.39112014965986397,-21.0
DR. PRABHA MALLIKARJUN,DAVANAGERE,Karnataka,Lok Sabha,147000000.0,57444696.0,39.08,5.0,92.0,5.15,89555304.0,90.0,84.0,6.0,,0.3907802448979592,87.0
Pradan Baruah,LAKHIMPUR,Assam,Lok Sabha,147000000.0,57288718.0,38.97,33.0,115.0,22.3,89711282.0,179.0,174.0,5.0,,0.3897191700680272,82.0
Mala Rajya Laxmi Shah,TEHRI GARHWAL,Uttarakhand,Lok Sabha,147000000.0,57285791.0,38.97,84.0,155.0,35.15,89714209.0,371.0,367.0,4.0,,0.38969925850340137,71.0
Dr. Dinesh Sharma (2023-26),Sitting Rajya Sabha,Uttar Pradesh,Rajya Sabha,147000000.0,57084177.0,38.83,2.0,89.0,2.2,89915823.0,63.0,61.0,2.0,,0.38832773469387755,87.0
GURMEET SINGH MEET HAYER,SANGRUR,Punjab,Lok Sabha,147000000.0,57080005.0,38.83,154.0,244.0,38.69,89919995.0,660.0,633.0,27.0,,0.3882993537414966,90.0
SUKHJINDER SINGH RANDHAWA,GURDASPUR,Punjab,Lok Sabha,147000000.0,56807613.0,38.64,90.0,248.0,26.63,90192387.0,400.0,395.0,5.0,,0.3864463469387755,158.0
Shri Jual Oram,SUNDARGARH,Odisha,Lok Sabha,173096756.91,66763914.0,38.57,89.0,111.0,44.5,106332842.91,278.0,250.0,28.0,,0.38570285886241795,22.0
Ravi Shankar Prasad,PATNA SAHIB,Bihar,Lok Sabha,147000000.0,56647683.0,38.54,60.0,25.0,70.59,90352317.0,66.0,66.0,0.0,,0.38535838775510206,-35.0
Parvatagouda Chandanagouda Gaddigoudar,BAGALKOT,Karnataka,Lok Sabha,167541747.11,64488186.0,38.49,92.0,133.0,40.89,103053561.11,237.0,231.0,6.0,,0.3849081623677954,41.0
Shri NK Premachandran,KOLLAM,Kerala,Lok Sabha,171477994.11,65801960.0,38.37,47.0,149.0,23.98,105676034.11,106.0,105.0,1.0,,0.38373413650843874,102.0
Shri Sanjay Seth (2024-30),Sitting Rajya Sabha,Uttar Pradesh,Rajya Sabha,147000000.0,56357801.0,38.34,19.0,40.0,32.2,90642199.0,48.0,46.0,2.0,,0.3833864013605442,21.0
RAMASHANKAR RAJBHAR,SALEMPUR,Uttar Pradesh,Lok Sabha,160056927.07,61281620.0,38.29,84.0,230.0,26.75,98775307.07,263.0,241.0,22.0,,0.3828739006915885,146.0
Devusinh Jesingbhai Chauhan,KHEDA,Gujarat,Lok Sabha,147000000.0,56232548.0,38.25,247.0,366.0,40.29,90767452.0,301.0,292.0,9.0,,0.3825343401360544,119.0
PUSHPENDRA SAROJ,KAUSHAMBI,Uttar Pradesh,Lok Sabha,147000000.0,56198890.0,38.23,607.0,1977.0,23.49,90801110.0,907.0,833.0,74.0,,0.38230537414965987,1370.0
Shri Neeraj Shekhar (2020-26),Sitting Rajya Sabha,Uttar Pradesh,Rajya Sabha,236483662.11,90266672.0,38.17,41.0,286.0,12.54,146216990.11,176.0,176.0,0.0,,0.3817036288875322,245.0
Rajeshbhai Naranbhai Chudasama,JUNAGADH,Gujarat,Lok Sabha,147000000.0,56040284.0,38.12,152.0,193.0,44.06,90959716.0,176.0,171.0,5.0,,0.38122642176870747,41.0
JYOTIRADITYA M. SCINDIA,GUNA,Madhya Pradesh,Lok Sabha,147000000.0,55870850.0,38.01,46.0,17.0,73.02,91129150.0,99.0,97.0,2.0,,0.38007380952380954,-29.0
Sanjay Kumar Bandi,KARIMNAGAR,Telangana,Lok Sabha,172775317.11,65663959.0,38.01,171.0,464.0,26.93,107111358.11,307.0,305.0,2.0,,0.38005404995549247,293.0
TOKHAN SAHU,BILASPUR,Chhattisgarh,Lok Sabha,147000000.0,55824852.0,37.98,41.0,90.0,31.3,91175148.0,158.0,152.0,6.0,,0.37976089795918366,49.0
ARUP CHAKRABORTY,BANKURA,West Bengal,Lok Sabha,147000000.0,55795450.0,37.96,40.0,30.0,57.14,91204550.0,42.0,42.0,0.0,,0.3795608843537415,-10.0
ROBERT BRUCE C,TIRUNELVELI,Tamil Nadu,Lok Sabha,147475440.11,55819028.0,37.85,60.0,82.0,42.25,91656412.11,73.0,73.0,0.0,,0.37849711082987997,22.0
Kangana Ranaut,MANDI,Himachal Pradesh,Lok Sabha,147000000.0,55608905.0,37.83,72.0,244.0,22.78,91391095.0,387.0,311.0,76.0,,0.37829187074829934,172.0
ANITA NAGARSINGH CHOUHAN,RATLAM,Madhya Pradesh,Lok Sabha,147000000.0,55091448.0,37.48,76.0,127.0,37.44,91908552.0,228.0,226.0,2.0,,0.3747717551020408,51.0
Shri Chandra Prakash Choudhary,GIRIDIH,Jharkhand,Lok Sabha,147000000.0,55034366.0,37.44,49.0,625.0,7.27,91965634.0,301.0,266.0,35.0,,0.37438344217687075,576.0
Smt Dimple Yadav,MAINPURI,Uttar Pradesh,Lok Sabha,192042469.11,71873231.0,37.43,53.0,111.0,32.32,120169238.11,149.0,125.0,24.0,,0.374256961666285,58.0
GM Harish Balayogi,AMALAPURAM,Andhra Pradesh,Lok Sabha,147000000.0,54891857.0,37.34,41.0,68.0,37.61,92108143.0,68.0,66.0,2.0,,0.3734139931972789,27.0
Kani K Navas,RAMANATHAPURAM,Tamil Nadu,Lok Sabha,147000000.0,54855096.0,37.32,68.0,42.0,61.82,92144904.0,86.0,84.0,2.0,,0.3731639183673469,-26.0
BUNTY VIVEK SAHU,CHHINDWARA,Madhya Pradesh,Lok Sabha,147000000.0,54779603.0,37.27,100.0,376.0,21.01,92220397.0,444.0,437.0,7.0,,0.3726503605442177,276.0
Shri Anil Kumar Yadav Mandadi (2024-30),Sitting Rajya Sabha,Telangana,Rajya Sabha,147000000.0,54363174.0,36.98,71.0,35.0,66.98,92636826.0,73.0,73.0,0.0,,0.36981751020408166,-36.0
DULU MAHATO,DHANBAD,Jharkhand,Lok Sabha,147000000.0,54335005.0,36.96,57.0,351.0,13.97,92664995.0,290.0,269.0,21.0,,0.3696258843537415,294.0
RAVINDRA DATTARAM WAIKAR,MUMBAI NORTH WEST,Maharashtra,Lok Sabha,147000000.0,53799122.0,36.6,0.0,67.0,0.0,93200878.0,24.0,20.0,4.0,,0.3659804217687075,67.0
Thalikkottai Rajuthevar Baalu,SRIPERUMBUDUR,Tamil Nadu,Lok Sabha,196905535.11,71998395.0,36.56,63.0,63.0,50.0,124907140.11,90.0,90.0,0.0,,0.3656494214841577,0.0
Dr. Ajeet Madhavrao Gopchade (2024-30),Sitting Rajya Sabha,Maharashtra,Rajya Sabha,147000000.0,53532752.0,36.42,44.0,48.0,47.83,93467248.0,52.0,52.0,0.0,,0.36416838095238097,4.0
CHIRAG PASWAN,HAJIPUR,Bihar,Lok Sabha,147000000.0,53484547.0,36.38,47.0,66.0,41.59,93515453.0,56.0,54.0,2.0,,0.36384045578231294,19.0
ESWARASAMY K,POLLACHI,Tamil Nadu,Lok Sabha,162315106.11,59028493.0,36.37,46.0,35.0,56.79,103286613.11,59.0,57.0,2.0,,0.3636660469543527,-11.0
Faggan Singh Kulaste,MANDLA,Madhya Pradesh,Lok Sabha,151861648.41,55170668.0,36.33,31.0,267.0,10.4,96690980.41,290.0,286.0,4.0,,0.3632955955479214,236.0
DR DHARAMVIRA GANDHI,PATIALA,Punjab,Lok Sabha,147000000.0,53205652.0,36.19,58.0,304.0,16.02,93794348.0,1196.0,1182.0,14.0,,0.3619432108843537,246.0
BAG MITALI,ARAMBAG,West Bengal,Lok Sabha,147000000.0,53162451.0,36.16,87.0,99.0,46.77,93837549.0,100.0,96.0,4.0,,0.36164932653061227,12.0
ZIA UR REHMAN,SAMBHAL,Uttar Pradesh,Lok Sabha,147000000.0,53111753.0,36.13,0.0,325.0,0.0,93888247.0,332.0,270.0,62.0,,0.36130444217687074,325.0
Shri vijayakumar Vasanth,KANNIYAKUMARI,Tamil Nadu,Lok Sabha,171500000.0,61773452.0,36.02,39.0,62.0,38.61,109726548.0,67.0,64.0,3.0,,0.360195055393586,23.0
BIPLAB KUMAR DEB,TRIPURA WEST,Tripura,Lok Sabha,147000000.0,52876465.0,35.97,7.0,25.0,21.88,94123535.0,27.0,26.0,1.0,,0.35970384353741497,18.0
Ms Mahua Moitra,KRISHNANAGAR,West Bengal,Lok Sabha,159865046.0,57382120.0,35.89,21.0,34.0,38.18,102482926.0,49.0,49.0,0.0,,0.35894100327597567,13.0
Dr. Syed Naseer Hussain (2024-30),Sitting Rajya Sabha,Karnataka,Rajya Sabha,147000000.0,52745755.0,35.88,3.0,59.0,4.84,94254245.0,44.0,44.0,0.0,,0.35881465986394556,56.0
Maddila Gurumoorthy,TIRUPATI,Andhra Pradesh,Lok Sabha,180399007.0,64637243.0,35.83,110.0,181.0,37.8,115761764.0,168.0,149.0,19.0,,0.3583015454181519,71.0
Shri Ryaga Krishnaiah (2024-28),Sitting Rajya Sabha,Andhra Pradesh,Rajya Sabha,170413583.79,61002205.0,35.8,30.0,39.0,43.48,109411378.79,38.0,35.0,3.0,,0.3579656248246782,9.0
Dr. Radha Mohan Das Agrawal (2022-28),Sitting Rajya Sabha,Uttar Pradesh,Rajya Sabha,203626524.67,72382614.0,35.55,15.0,30.0,33.33,131243910.67000002,54.0,53.0,1.0,,0.3554675115007943,15.0
CAPTAIN BRIJESH CHOWTA,DAKSHINA KANNADA,Karnataka,Lok Sabha,147000000.0,52228767.0,35.53,75.0,131.0,36.41,94771233.0,108.0,95.0,13.0,,0.35529773469387754,56.0
RUCHI VIRA,MORADABAD,Uttar Pradesh,Lok Sabha,147000000.0,52167110.0,35.49,165.0,108.0,60.44,94832890.0,559.0,559.0,0.0,,0.35487829931972786,-57.0
AASHTIKAR PATIL NAGESH BAPURAO,HINGOLI,Maharashtra,Lok Sabha,190289442.0,67522042.0,35.48,38.0,78.0,32.76,122767400.0,68.0,68.0,0.0,,0.35483861474563577,40.0
BHUMARE SANDIPANRAO ASARAM,AURANGABAD,Maharashtra,Lok Sabha,147000000.0,52095352.0,35.44,27.0,65.0,29.35,94904648.0,38.0,36.0,2.0,,0.35439014965986393,38.0
Smt Anupriya Patel,MIRZAPUR,Uttar Pradesh,Lok Sabha,147000000.0,51732584.0,35.19,0.0,10.0,0.0,95267416.0,10.0,10.0,0.0,,0.35192234013605445,10.0
HARIBHAI PATEL,MAHESANA,Gujarat,Lok Sabha,147000000.0,51381778.0,34.95,150.0,470.0,24.19,95618222.0,269.0,261.0,8.0,,0.34953590476190477,320.0
NARAYAN DAS AHIRWAR,JALAUN,Uttar Pradesh,Lok Sabha,147000000.0,51218010.8,34.84,36.0,331.0,9.81,95781989.2,292.0,289.0,3.0,1.0,0.3484218421768707,295.0
Vinod Chavda,KACHCHH,Gujarat,Lok Sabha,147000000.0,51201603.0,34.83,98.0,270.0,26.63,95798397.0,127.0,119.0,8.0,,0.3483102244897959,172.0
MALVIKA DEVI,KALAHANDI,Odisha,Lok Sabha,147000000.0,51104998.0,34.77,96.0,224.0,30.0,95895002.0,131.0,130.0,1.0,,0.34765304761904764,128.0
KALI CHARAN SINGH,CHATRA,Jharkhand,Lok Sabha,147000000.0,51084747.0,34.75,75.0,436.0,14.68,95915253.0,296.0,265.0,31.0,,0.3475152857142857,361.0
ANUP SANJAY DHOTRE,AKOLA,Maharashtra,Lok Sabha,147000000.0,51045667.0,34.72,41.0,59.0,41.0,95954333.0,69.0,67.0,2.0,,0.34724943537414965,18.0
Shri S. Selvaganabathy (2021-27),Sitting Rajya Sabha,Puducherry,Rajya Sabha,292881856.49,101658946.0,34.71,31.0,72.0,30.1,191222910.49,92.0,79.0,13.0,,0.34709881731260805,41.0
Alok Kumar Suman,GOPALGANJ,Bihar,Lok Sabha,147000000.0,50920280.0,34.64,43.0,112.0,27.74,96079720.0,56.0,56.0,0.0,,0.34639646258503404,69.0
Ajay Bhatt,NAINITAL UDHAM SINGH NAG.,Uttarakhand,Lok Sabha,147000000.0,50876503.0,34.61,85.0,384.0,18.12,96123497.0,914.0,884.0,30.0,,0.34609865986394556,299.0
IQRA CHOUDHARY,KAIRANA,Uttar Pradesh,Lok Sabha,147000000.0,50723960.0,34.51,45.0,47.0,48.91,96276040.0,62.0,55.0,7.0,,0.34506095238095236,2.0
SHOBHANABEN MAHENDRASINH BARAIYA,SABARKANTHA,Gujarat,Lok Sabha,147000000.0,50680570.0,34.48,122.0,157.0,43.73,96319430.0,143.0,136.0,7.0,,0.34476578231292515,35.0
SELVARAJ V,NAGAPATTINAM,Tamil Nadu,Lok Sabha,147000000.0,50673389.0,34.47,45.0,39.0,53.57,96326611.0,61.0,61.0,0.0,,0.34471693197278913,-6.0
SUNIL BOSE,CHAMARAJANAGAR,Karnataka,Lok Sabha,147000000.0,50427615.0,34.3,23.0,87.0,20.91,96572385.0,96.0,96.0,0.0,,0.343045,64.0
S Venkatesan,MADURAI,Tamil Nadu,Lok Sabha,147000000.0,50415867.0,34.3,46.0,81.0,36.22,96584133.0,73.0,69.0,4.0,,0.34296508163265305,35.0
Shri Sanjay Raut (2022-28),Sitting Rajya Sabha,Maharashtra,Rajya Sabha,196063957.11,67167846.0,34.26,6.0,69.0,8.0,128896111.11,29.0,29.0,0.0,,0.3425813035198308,63.0
SAYANI GHOSH,JADAVPUR,West Bengal,Lok Sabha,147000000.0,49785004.0,33.87,115.0,100.0,53.49,97214996.0,129.0,129.0,0.0,,0.33867349659863943,-15.0
Virendra Kumar,TIKAMGARH,Madhya Pradesh,Lok Sabha,147000000.0,49501421.0,33.67,12.0,347.0,3.34,97498579.0,219.0,212.0,7.0,,0.3367443605442177,335.0
DR BYREDDY SHABARI,NANDYAL,Andhra Pradesh,Lok Sabha,150675889.11,50709419.0,33.65,70.0,129.0,35.18,99966470.11,116.0,116.0,0.0,,0.3365463399587435,59.0
THANGA TAMILSELVAN,THENI,Tamil Nadu,Lok Sabha,147000000.0,49328291.0,33.56,24.0,72.0,25.0,97671709.0,56.0,50.0,6.0,,0.33556660544217687,48.0
Shri Akhilesh Prasad Singh (2024-30),Sitting Rajya Sabha,Bihar,Rajya Sabha,186200000.0,62309563.0,33.46,38.0,20.0,65.52,123890437.0,50.0,48.0,2.0,,0.33463782491944144,-18.0
Shri Jairam Ramesh (2022-28),Sitting Rajya Sabha,Karnataka,Rajya Sabha,220563957.11,73253485.0,33.21,18.0,109.0,14.17,147310472.11,78.0,78.0,0.0,,0.3321190187183072,91.0
Smt S Jothimani,KARUR,Tamil Nadu,Lok Sabha,147000000.0,48511702.0,33.0,87.0,90.0,49.15,98488298.0,102.0,100.0,2.0,,0.3300115782312925,3.0
Dr. Kalpana Saini (2022-28),Sitting Rajya Sabha,Uttarakhand,Rajya Sabha,200830405.8,66206094.0,32.97,58.0,131.0,30.69,134624311.8,162.0,152.0,10.0,,0.3296617050404825,73.0
CAPTAIN VIRIATO FERNANDES,SOUTH GOA,Goa,Lok Sabha,147000000.0,48358008.0,32.9,47.0,86.0,35.34,98641992.0,78.0,78.0,0.0,,0.3289660408163265,39.0
AJENDRA SINGH LODHI,HAMIRPUR,Uttar Pradesh,Lok Sabha,147000000.0,48355823.0,32.9,19.0,172.0,9.95,98644177.0,104.0,85.0,19.0,,0.3289511768707483,153.0
Smt Satabdi Roy (Banerjee),BIRBHUM,West Bengal,Lok Sabha,147000000.0,48307379.6,32.86,62.0,33.0,65.26,98692620.4,67.0,67.0,0.0,,0.3286216299319728,-29.0
Jitendra Singh,UDHAMPUR,Jammu And Kashmir,Lok Sabha,147000000.0,48296699.0,32.85,187.0,139.0,57.36,98703301.0,221.0,217.0,4.0,,0.32854897278911566,-48.0
Ganesh Singh,SATNA,Madhya Pradesh,Lok Sabha,147000000.0,47976283.0,32.64,77.0,241.0,24.21,99023717.0,226.0,178.0,48.0,,0.32636927210884353,164.0
Bhagirath Chaudhary,AJMER,Rajasthan,Lok Sabha,147000000.0,47949704.0,32.62,58.0,97.0,37.42,99050296.0,644.0,528.0,116.0,,0.32618846258503403,39.0
Smt Sajda Ahmed,ULUBERIA,West Bengal,Lok Sabha,147000000.0,47622814.0,32.4,92.0,82.0,52.87,99377186.0,113.0,109.0,4.0,,0.3239647210884354,-10.0
BABU SINGH KUSHWAHA,JAUNPUR,Uttar Pradesh,Lok Sabha,147000000.0,47327917.0,32.2,522.0,164.0,76.09,99672083.0,652.0,529.0,123.0,,0.321958619047619,-358.0
Smt. Sagarika Ghose (2024-30),Sitting Rajya Sabha,West Bengal,Rajya Sabha,147000000.0,47289873.0,32.17,0.0,13.0,0.0,99710127.0,16.0,16.0,0.0,,0.3216998163265306,13.0
Shri Janardan Singh Sigriwal,MAHARAJGANJ,Bihar,Lok Sabha,147000000.0,47230253.0,32.13,18.0,56.0,24.32,99769747.0,45.0,43.0,2.0,,0.3212942380952381,38.0
Shri Damodar Rao Divakonda (2022-28),Sitting Rajya Sabha,Telangana,Rajya Sabha,239919406.11,77052481.0,32.12,110.0,185.0,37.29,162866925.11,195.0,194.0,1.0,,0.32115985217416054,75.0
RAKIBUL HUSSAIN,DHUBRI,Assam,Lok Sabha,147000000.0,47053373.0,32.01,25.0,154.0,13.97,99946627.0,140.0,135.0,5.0,,0.32009097278911564,129.0
DR.MALLU RAVI,NAGARKURNOOL,Telangana,Lok Sabha,147000000.0,47000729.0,31.97,143.0,84.0,63.0,99999271.0,156.0,156.0,0.0,,0.31973285034013604,-59.0
S. Jagathrakshakan,ARAKKONAM,Tamil Nadu,Lok Sabha,180589332.34,57167418.0,31.66,34.0,129.0,20.86,123421914.34,67.0,52.0,15.0,,0.31656032645588106,95.0
Sudip Bandyopadhyay,KOLKATA UTTAR,West Bengal,Lok Sabha,147000000.0,46311063.0,31.5,9.0,28.0,24.32,100688937.0,31.0,31.0,0.0,,0.3150412448979592,19.0
Midhun Reddy,RAJAMPET,Andhra Pradesh,Lok Sabha,178951477.11,56264747.0,31.44,181.0,311.0,36.79,122686730.11,232.0,206.0,26.0,,0.31441342596694255,130.0
H.D. KUMARASWAMY,MANDYA,Karnataka,Lok Sabha,147000000.0,46075000.0,31.34,7.0,140.0,4.76,100925000.0,130.0,117.0,13.0,,0.3134353741496599,133.0
Kinjarapu Ram Mohan Naidu,SRIKAKULAM,Andhra Pradesh,Lok Sabha,171200630.11,53576961.0,31.29,60.0,155.0,27.91,117623669.11,102.0,101.0,1.0,,0.31294838672950953,95.0
Shri Randeep Singh Surjewala (2022-28),Sitting Rajya Sabha,Rajasthan,Rajya Sabha,196063957.11,61282096.0,31.26,55.0,95.0,36.67,134781861.11,279.0,237.0,42.0,,0.3125617625151685,40.0
GOVIND MAKTHAPPA KARJOL,CHITRADURGA,Karnataka,Lok Sabha,147000000.0,45912871.0,31.23,19.0,203.0,8.56,101087129.0,124.0,107.0,17.0,,0.31233245578231295,184.0
RAJABHAU,NASHIK,Maharashtra,Lok Sabha,152878682.11,47487714.0,31.06,21.0,89.0,19.09,105390968.11,50.0,45.0,5.0,,0.3106235175799815,68.0
DR. S P SINGH,PRATAPGARH,Uttar Pradesh,Lok Sabha,147000000.0,45621617.0,31.04,106.0,494.0,17.67,101378383.0,159.0,107.0,52.0,,0.3103511360544218,388.0
Kaushalendra Kumar,NALANDA,Bihar,Lok Sabha,147000000.0,45509064.0,30.96,92.0,79.0,53.8,101490936.0,97.0,92.0,5.0,,0.3095854693877551,-13.0
AMBICA G LAKSHMINARAYANA VALMIKI,ANANTAPUR,Andhra Pradesh,Lok Sabha,201899064.11,62202871.0,30.81,42.0,114.0,26.92,139696193.11,81.0,79.0,2.0,,0.3080889516462058,72.0
B K PARTHASARATHI,HINDUPUR,Andhra Pradesh,Lok Sabha,160491894.11,49297701.0,30.72,52.0,40.0,56.52,111194193.11,66.0,64.0,2.0,,0.3071662981696241,-12.0
Shri S.R. Sivalingam (2025-31),Sitting Rajya Sabha,Tamil Nadu,Rajya Sabha,89248285.42,27371677.0,30.67,24.0,30.0,44.44,61876608.42,25.0,25.0,0.0,,0.30669134842411405,6.0
Shri Mohammed Nadimul Haque (2024-30),Sitting Rajya Sabha,West Bengal,Rajya Sabha,147000000.0,45077861.0,30.67,1.0,18.0,5.26,101922139.0,16.0,16.0,0.0,,0.3066521156462585,17.0
HARENDRA SINGH MALIK,MUZAFFARNAGAR,Uttar Pradesh,Lok Sabha,147000000.0,45077485.0,30.66,32.0,189.0,14.48,101922515.0,140.0,121.0,19.0,,0.30664955782312925,157.0
Smt. Mamata Thakur (2024-30),Sitting Rajya Sabha,West Bengal,Rajya Sabha,147000000.0,44446422.0,30.24,51.0,9.0,85.0,102553578.0,55.0,55.0,0.0,,0.30235661224489796,-42.0
Shri Abdul Wahab (2021-27),Sitting Rajya Sabha,Kerala,Rajya Sabha,310898953.29,93760670.0,30.16,120.0,248.0,32.61,217138283.29,164.0,163.0,1.0,,0.30157923983919627,128.0
K. C VENUGOPAL,ALAPPUZHA,Kerala,Lok Sabha,147000000.0,44331588.0,30.16,37.0,52.0,41.57,102668412.0,67.0,67.0,0.0,,0.30157542857142855,15.0
Vellalath Kochukrishnan Nair Sreekandan,PALAKKAD,Kerala,Lok Sabha,167807990.11,50584788.0,30.14,98.0,107.0,47.8,117223202.11,127.0,125.0,2.0,1.0,0.3014444542649078,9.0
ARUNA. D. K,MAHABUBNAGAR,Telangana,Lok Sabha,147000000.0,44232038.0,30.09,127.0,196.0,39.32,102767962.0,153.0,153.0,0.0,,0.3008982176870748,69.0
Raju Bista,DARJEELING,West Bengal,Lok Sabha,147000000.0,43617451.0,29.67,78.0,91.0,46.15,103382549.0,92.0,92.0,0.0,,0.2967173537414966,13.0
Shri Amar Singh,FATEHGARH SAHIB,Punjab,Lok Sabha,147000000.0,43594811.0,29.66,61.0,291.0,17.33,103405189.0,528.0,523.0,5.0,,0.2965633401360544,230.0
LOVELY ANAND,SHEOHAR,Bihar,Lok Sabha,147000000.0,43561211.0,29.63,25.0,65.0,27.78,103438789.0,39.0,37.0,2.0,,0.296334768707483,40.0
GANAPATHY RAJKUMAR P,COIMBATORE,Tamil Nadu,Lok Sabha,147370490.11,43662823.0,29.63,7.0,100.0,6.54,103707667.11,45.0,43.0,2.0,,0.2962792820150715,93.0
Putta Mahesh Kumar,ELURU,Andhra Pradesh,Lok Sabha,147000000.0,43504398.0,29.59,54.0,59.0,47.79,103495602.0,69.0,68.0,1.0,,0.2959482857142857,5.0
KOTA SRINIVAS POOJARY,UDUPI CHIKMAGALUR,Karnataka,Lok Sabha,147000000.0,43315077.0,29.47,51.0,269.0,15.94,103684923.0,118.0,102.0,16.0,,0.29466038775510206,218.0
GOPINATH K,KRISHNAGIRI,Tamil Nadu,Lok Sabha,147000000.0,42753233.0,29.08,36.0,60.0,37.5,104246767.0,57.0,56.0,1.0,,0.29083831972789115,24.0
Dr. Dharmasthala Veerendra Heggade (2022-28),Nominated Rajya Sabha,Karnataka,Rajya Sabha,196063957.11,56879514.0,29.01,301.0,173.0,63.5,139184443.11,641.0,632.0,9.0,,0.2901069367282444,-128.0
Shri Pabitra Margherita (2022-28),Sitting Rajya Sabha,Assam,Rajya Sabha,220563957.11,63765614.44,28.91,5.0,205.0,2.38,156798342.67000002,113.0,110.0,3.0,,0.2891026044123733,200.0
PHANI BHUSAN CHOUDHURY,BARPETA,Assam,Lok Sabha,147000000.0,42356247.0,28.81,3.0,84.0,3.45,104643753.0,105.0,98.0,7.0,,0.28813773469387755,81.0
Mahendra Singh Solanky,DEWAS,Madhya Pradesh,Lok Sabha,147000000.0,42062417.0,28.61,10.0,133.0,6.99,104937583.0,108.0,107.0,1.0,,0.28613889115646257,123.0
Shri Balyogi Umeshnath (2024-30),Sitting Rajya Sabha,Madhya Pradesh,Rajya Sabha,147000000.0,42047000.0,28.6,11.0,67.0,14.1,104953000.0,84.0,80.0,4.0,,0.2860340136054422,56.0
Shri Kanad Purkayastha (2025-31),Sitting Rajya Sabha,Assam,Rajya Sabha,98000000.0,28001397.0,28.57,0.0,50.0,0.0,69998603.0,37.0,31.0,6.0,,0.28572854081632654,50.0
JITIN PRASADA,PILIBHIT,Uttar Pradesh,Lok Sabha,147000000.0,41842816.0,28.46,22.0,37.0,37.29,105157184.0,106.0,104.0,2.0,,0.2846450068027211,15.0
Kamlesh Paswan,BANSGAON,Uttar Pradesh,Lok Sabha,147000000.0,41808777.0,28.44,0.0,125.0,0.0,105191223.0,84.0,76.0,8.0,,0.2844134489795918,125.0
SUKANTA KUMAR PANIGRAHI,KANDHAMAL,Odisha,Lok Sabha,190712424.11,54209040.0,28.42,148.0,205.0,41.93,136503384.11,352.0,347.0,5.0,,0.28424493188096156,57.0
Dr Shashi Tharoor,THIRUVANANTHAPURAM,Kerala,Lok Sabha,147000000.0,41754577.0,28.4,40.0,74.0,35.09,105245423.0,61.0,61.0,0.0,,0.28404474149659864,34.0
Dr. Medha Vishram Kulkarni (2024-30),Sitting Rajya Sabha,Maharashtra,Rajya Sabha,147000000.0,41737818.0,28.39,31.0,76.0,28.97,105262182.0,49.0,49.0,0.0,,0.28393073469387753,45.0
Jagannath Sarkar,RANAGHAT,West Bengal,Lok Sabha,147000000.0,41712525.0,28.38,70.0,150.0,31.82,105287475.0,86.0,84.0,2.0,,0.28375867346938777,80.0
Shri Birendra Prasad Baishya (2025-31),Sitting Rajya Sabha,Assam,Rajya Sabha,98000000.0,27790330.0,28.36,1.0,44.0,2.22,70209670.0,26.0,23.0,3.0,,0.2835747959183674,43.0
Priyanka Gandhi Vadra,WAYANAD,Kerala,Lok Sabha,122500000.0,34714501.0,28.34,11.0,85.0,11.46,87785499.0,39.0,39.0,0.0,,0.28338368163265304,74.0
Shri Banshilal Gurjar (2024-30),Sitting Rajya Sabha,Madhya Pradesh,Rajya Sabha,147000000.0,41424435.0,28.18,10.0,71.0,12.35,105575565.0,94.0,93.0,1.0,,0.2817988775510204,61.0
Smt. P. T. Usha (2022-28),Nominated Rajya Sabha,Kerala,Rajya Sabha,196063957.11,55206130.0,28.16,39.0,82.0,32.23,140857827.11,77.0,76.0,1.0,,0.28157204829354265,43.0
Shri Rajib Bhattacharjee (2024-28),Sitting Rajya Sabha,Tripura,Rajya Sabha,122500000.0,34210580.0,27.93,18.0,40.0,31.03,88289420.0,39.0,37.0,2.0,,0.2792700408163265,22.0
ABHIJIT GANGOPADHYAY,TAMLUK,West Bengal,Lok Sabha,147000000.0,41051819.78,27.93,74.0,191.0,27.92,105948180.22,127.0,122.0,5.0,,0.2792640801360544,117.0
Sanjay Haribhau Jadhav,PARBHANI,Maharashtra,Lok Sabha,147000000.0,40999822.0,27.89,28.0,56.0,33.33,106000178.0,49.0,49.0,0.0,,0.2789103537414966,28.0
Shri LS Tejasvi Surya,BANGALORE SOUTH,Karnataka,Lok Sabha,147000000.0,40913804.0,27.83,25.0,112.0,18.25,106086196.0,51.0,51.0,0.0,,0.2783251972789116,87.0
M. MALLESH BABU,KOLAR,Karnataka,Lok Sabha,147065957.11,40766132.0,27.72,3.0,73.0,3.95,106299825.11,122.0,121.0,1.0,,0.2771962512677792,70.0
GAURAV GOGOI,JORHAT,Assam,Lok Sabha,147000000.0,40746858.0,27.72,35.0,434.0,7.46,106253142.0,458.0,446.0,12.0,,0.2771895102040816,399.0
Smt Hema Malini,MATHURA,Uttar Pradesh,Lok Sabha,147000000.0,40721168.0,27.7,33.0,55.0,37.5,106278832.0,82.0,82.0,0.0,,0.2770147482993197,22.0
Nitin Jairam Gadkari,NAGPUR,Maharashtra,Lok Sabha,168195086.11,46558565.0,27.68,19.0,48.0,28.36,121636521.11,35.0,29.0,6.0,,0.2768128729370285,29.0
PARSHOTTAMBHAI RUPALA,RAJKOT,Gujarat,Lok Sabha,147000000.0,40630082.0,27.64,91.0,214.0,29.84,106369918.0,97.0,90.0,7.0,,0.2763951156462585,123.0
BASTIPATI NAGARAJU PANCHALINGALA,KURNOOL,Andhra Pradesh,Lok Sabha,159998515.11,44033277.0,27.52,143.0,65.0,68.75,115965238.11,145.0,145.0,0.0,,0.27521053535857404,-78.0
Ravindra Vasantrao Chavan,NANDED,Maharashtra,Lok Sabha,147000000.0,39838293.0,27.1,26.0,114.0,18.57,107161707.0,49.0,47.0,2.0,,0.27100879591836735,88.0
ATUL GARG,GHAZIABAD,Uttar Pradesh,Lok Sabha,155336470.0,42043789.0,27.07,36.0,41.0,46.75,113292681.0,49.0,43.0,6.0,,0.2706627039999042,5.0
Dr. M. Dhanapal (2025-31),Sitting Rajya Sabha,Tamil Nadu,Rajya Sabha,89248285.42,23989964.0,26.88,27.0,24.0,52.94,65258321.42,34.0,34.0,0.0,,0.2688002787628231,-3.0
KALYAN VAIJINATHRAO KALE,JALNA,Maharashtra,Lok Sabha,147000000.0,39254291.0,26.7,19.0,42.0,31.15,107745709.0,41.0,40.0,1.0,,0.2670359931972789,23.0
BAPI HALDAR,MATHURAPUR,West Bengal,Lok Sabha,147000000.0,39006328.0,26.53,89.0,74.0,54.6,107993672.0,101.0,100.0,1.0,,0.2653491700680272,-15.0
DR.K.SUDHAKAR,CHIKBALLAPUR,Karnataka,Lok Sabha,147000000.0,38953975.0,26.5,18.0,146.0,10.98,108046025.0,138.0,134.0,4.0,,0.26499302721088436,128.0
SHIVRAJ SINGH CHOUHAN,VIDISHA,Madhya Pradesh,Lok Sabha,147000000.0,38851625.0,26.43,10.0,97.0,9.35,108148375.0,128.0,128.0,0.0,,0.264296768707483,87.0
Y S Avinash Reddy,KADAPA,Andhra Pradesh,Lok Sabha,156430260.11,41232850.0,26.36,57.0,243.0,19.0,115197410.11,89.0,85.0,4.0,,0.2635861499623252,186.0
Dr. L. Murugan (2024-30),Sitting Rajya Sabha,Madhya Pradesh,Rajya Sabha,147000000.0,38699774.0,26.33,6.0,32.0,15.79,108300226.0,40.0,39.0,1.0,,0.26326376870748297,26.0
MAHIMA KUMARI MEWAR,RAJSAMAND,Rajasthan,Lok Sabha,183892143.0,48238044.0,26.23,26.0,108.0,19.4,135654099.0,272.0,267.0,5.0,,0.2623170474444903,82.0
JASHUBHAI BHILUBHAI RATHVA,CHHOTA UDAIPUR,Gujarat,Lok Sabha,147000000.0,38424412.0,26.14,96.0,357.0,21.19,108575588.0,121.0,119.0,2.0,,0.26139055782312925,261.0
SAMBIT PATRA,PURI,Odisha,Lok Sabha,147000000.0,38354750.0,26.09,548.0,182.0,75.07,108645250.0,847.0,847.0,0.0,,0.2609166666666667,-366.0
Dr. Parmar Jashvantsinh Salamsinh (2024-30),Sitting Rajya Sabha,Gujarat,Rajya Sabha,147000000.0,38334089.0,26.08,61.0,310.0,16.44,108665911.0,100.0,93.0,7.0,,0.2607761156462585,249.0
ADHIKARI SOUMENDU,KANTHI,West Bengal,Lok Sabha,147000000.0,38304241.0,26.06,29.0,41.0,41.43,108695759.0,31.0,31.0,0.0,,0.26057306802721086,12.0
Shri A. A. Rahim (2022-28),Sitting Rajya Sabha,Kerala,Rajya Sabha,220563957.11,56944903.0,25.82,17.0,58.0,22.67,163619054.11,37.0,36.0,1.0,,0.2581786423590521,41.0
DEVESH CHANDRA THAKUR,SITAMARHI,Bihar,Lok Sabha,163809205.11,41894417.0,25.58,119.0,98.0,54.84,121914788.11,129.0,129.0,0.0,,0.2557512990302795,-21.0
MUHAMMED HAMDULLAH SAYEED,LAKSHADWEEP,Lakshadweep,Lok Sabha,153942460.41,39337535.0,25.55,2.0,26.0,7.14,114604925.41,20.0,20.0,0.0,,0.25553401508090134,24.0
Shri Sandosh Kumar P (2022-28),Sitting Rajya Sabha,Kerala,Rajya Sabha,220563957.11,55957933.0,25.37,29.0,75.0,27.88,164606024.11,72.0,71.0,1.0,,0.2537038858624239,46.0
Abu Taher Khan,MURSHIDABAD,West Bengal,Lok Sabha,147000000.0,37157978.0,25.28,172.0,156.0,52.44,109842022.0,183.0,176.0,7.0,,0.2527753605442177,-16.0
Saptagiri Sankar Ulaka,KORAPUT,Odisha,Lok Sabha,269500000.0,68050166.0,25.25,159.0,416.0,27.65,201449834.0,236.0,231.0,5.0,,0.252505254174397,257.0
Annpurna Devi,KODARMA,Jharkhand,Lok Sabha,166665931.8,42079828.0,25.25,85.0,304.0,21.85,124586103.8,146.0,137.0,9.0,,0.2524800812351742,219.0
Shri Bhartruhari Mahtab,CUTTACK,Odisha,Lok Sabha,147000000.0,37017579.0,25.18,86.0,397.0,17.81,109982421.0,281.0,269.0,12.0,,0.25182026530612245,311.0
JUNE MALIAH,MEDINIPUR,West Bengal,Lok Sabha,147000000.0,36949288.0,25.14,7.0,24.0,22.58,110050712.0,27.0,25.0,2.0,,0.25135570068027213,17.0
DR RAJKUMAR SANGWAN,BAGHPAT,Uttar Pradesh,Lok Sabha,147000000.0,36662976.0,24.94,16.0,103.0,13.45,110337024.0,78.0,77.0,1.0,,0.249408,87.0
Smt. Jebi Mather Hisham (2022-28),Sitting Rajya Sabha,Kerala,Rajya Sabha,220563957.11,54661936.0,24.78,49.0,70.0,41.18,165902021.11,76.0,75.0,1.0,,0.24782805276176156,21.0
Shrirang Appa Barne,MAVAL,Maharashtra,Lok Sabha,147000000.0,36220911.0,24.64,32.0,79.0,28.83,110779089.0,54.0,53.0,1.0,,0.24640075510204082,47.0
KONDA VISHWESHWAR REDDY,CHELVELLA,Telangana,Lok Sabha,233721420.96,57338256.0,24.53,180.0,339.0,34.68,176383164.96,215.0,214.0,1.0,,0.2453273463959176,159.0
SATPAL BRAHAMCHARI,SONEPAT,Haryana,Lok Sabha,147000000.0,35904950.0,24.43,19.0,207.0,8.41,111095050.0,209.0,166.0,43.0,,0.2442513605442177,188.0
Shri Suresh Kodikunnil,MAVELIKKARA,Kerala,Lok Sabha,172429519.11,42019767.0,24.37,58.0,133.0,30.37,130409752.11,86.0,85.0,1.0,,0.24369242121004717,75.0
GODAM NAGESH,ADILABAD,Telangana,Lok Sabha,147000000.0,35717086.0,24.3,80.0,277.0,22.41,111282914.0,142.0,142.0,0.0,,0.24297337414965986,197.0
MANNA LAL RAWAT,UDAIPUR,Rajasthan,Lok Sabha,147000000.0,35624393.0,24.23,24.0,183.0,11.59,111375607.0,206.0,169.0,37.0,,0.24234280952380952,159.0
Jagdambika Pal,DOMARIYAGANJ,Uttar Pradesh,Lok Sabha,160643957.11,38873088.0,24.2,0.0,75.0,0.0,121770869.11,50.0,50.0,0.0,,0.24198288375940516,75.0
Shri Ajay Makan (2024-30),Sitting Rajya Sabha,Karnataka,Rajya Sabha,147000000.0,35435523.0,24.11,2.0,14.0,12.5,111564477.0,10.0,10.0,0.0,,0.24105797959183672,12.0
DHAVAL LAXMANBHAI PATEL,VALSAD,Gujarat,Lok Sabha,147000000.0,35423530.0,24.1,60.0,173.0,25.75,111576470.0,66.0,65.0,1.0,,0.24097639455782313,113.0
DR. MANSUKH MANDAVIYA,PORBANDAR,Gujarat,Lok Sabha,147000000.0,35007268.0,23.81,72.0,234.0,23.53,111992732.0,87.0,86.0,1.0,,0.23814468027210883,162.0
Smt. Rajathi (2025-31),Sitting Rajya Sabha,Tamil Nadu,Rajya Sabha,89248285.42,21237106.0,23.8,16.0,39.0,29.09,68011179.42,23.0,20.0,3.0,,0.2379553388623519,23.0
NABA CHARAN MAJHI,MAYURBHANJ,Odisha,Lok Sabha,147563957.11,34922207.0,23.67,27.0,193.0,12.27,112641750.11,77.0,76.0,1.0,,0.23665810868684964,166.0
Shri Arjun Ram Meghwal,BIKANER,Rajasthan,Lok Sabha,147000000.0,34700414.0,23.61,17.0,62.0,21.52,112299586.0,46.0,43.0,3.0,,0.2360572380952381,45.0
R.K. CHAUDHARY,MOHANLALGANJ,Uttar Pradesh,Lok Sabha,147000000.0,34622708.0,23.55,14.0,79.0,15.05,112377292.0,83.0,81.0,2.0,,0.23552862585034012,65.0
Dr. John Brittas (2021-27),Sitting Rajya Sabha,Kerala,Rajya Sabha,245063957.11,57506835.0,23.47,36.0,108.0,25.0,187557122.11,57.0,57.0,0.0,,0.23466051751619818,72.0
RACHNA BANERJEE,HOOGHLY,West Bengal,Lok Sabha,147000000.0,34234471.0,23.29,36.0,65.0,35.64,112765529.0,54.0,54.0,0.0,,0.23288755782312925,29.0
Shri Ghanshyam Tiwari (2022-28),Sitting Rajya Sabha,Rajasthan,Rajya Sabha,196063957.11,45570943.0,23.24,30.0,58.0,34.09,150493014.11,190.0,181.0,9.0,,0.23242896691324458,28.0
AMRINDER SINGH RAJA WARRING,LUDHIANA,Punjab,Lok Sabha,147000000.0,34113487.0,23.21,59.0,187.0,23.98,112886513.0,329.0,326.0,3.0,,0.232064537414966,128.0
SUDHA R,MAYILADUTHURAI,Tamil Nadu,Lok Sabha,147332315.11,34186226.0,23.2,22.0,127.0,14.77,113146089.11,49.0,38.0,11.0,,0.23203481174158003,105.0
BHASKAR MURLIDHAR BHAGARE,DINDORI,Maharashtra,Lok Sabha,147000000.0,34081627.0,23.18,19.0,102.0,15.7,112918373.0,37.0,35.0,2.0,,0.23184780272108843,83.0
Smt. Phulo Devi Netam (2026-32),Sitting Rajya Sabha,Chhattisgarh,Rajya Sabha,49000000.0,11348157.0,23.16,0.0,81.0,0.0,37651843.0,18.0,14.0,4.0,,0.23159504081632654,81.0
AMRARAM,SIKAR,Rajasthan,Lok Sabha,165691544.11,38165228.0,23.03,49.0,122.0,28.65,127526316.11,313.0,294.0,19.0,,0.2303390206482879,73.0
CHHATRAPATI SHAHU SHAHAJI,KOLHAPUR,Maharashtra,Lok Sabha,147000000.0,33696592.0,22.92,22.0,79.0,21.78,113303408.0,34.0,34.0,0.0,,0.22922851700680272,57.0
BAJRANG MANOHAR SONWANE,BEED,Maharashtra,Lok Sabha,165899107.19,37977152.0,22.89,20.0,80.0,20.0,127921955.19,39.0,38.0,1.0,,0.22891715720028402,60.0
Dr. Sudhanshu Trivedi (2024-30),Sitting Rajya Sabha,Uttar Pradesh,Rajya Sabha,147000000.0,33646948.0,22.89,14.0,39.0,26.42,113353052.0,28.0,28.0,0.0,,0.22889080272108844,25.0
VISHWESHWAR HEGDE KAGERI,UTTARA KANNADA,Karnataka,Lok Sabha,147000000.0,33350000.0,22.69,30.0,113.0,20.98,113650000.0,83.0,82.0,1.0,,0.22687074829931972,83.0
D M Kathir Anand,VELLORE,Tamil Nadu,Lok Sabha,160196941.11,36327158.0,22.68,15.0,68.0,18.07,123869783.11,40.0,38.0,2.0,,0.22676561579946636,53.0
Shri Yerram Venkata Subba Reddy (2024-30),Sitting Rajya Sabha,Andhra Pradesh,Rajya Sabha,147000000.0,33232213.0,22.61,38.0,104.0,26.76,113767787.0,72.0,69.0,3.0,,0.22606947619047618,66.0
Giriraj Singh,BEGUSARAI,Bihar,Lok Sabha,147000000.0,32994877.0,22.45,17.0,50.0,25.37,114005123.0,38.0,37.0,1.0,,0.22445494557823129,33.0
KRITI DEVI DEBBARMAN,TRIPURA EAST,Tripura,Lok Sabha,147000000.0,32934783.0,22.4,13.0,29.0,30.95,114065217.0,24.0,24.0,0.0,,0.22404614285714286,16.0
Dr Chandra Sekhar Pemmasani,GUNTUR,Andhra Pradesh,Lok Sabha,159774113.11,35682555.0,22.33,9.0,87.0,9.38,124091558.11,44.0,42.0,2.0,,0.2233312662823768,78.0
E.T. MOHAMMED BASHEER,MALAPPURAM,Kerala,Lok Sabha,163895872.11,36427493.0,22.23,41.0,149.0,21.58,127468379.11,73.0,71.0,2.0,,0.22225997843039877,108.0
Shri Madan Rathore (2024-30),Sitting Rajya Sabha,Rajasthan,Rajya Sabha,147000000.0,32632145.0,22.2,21.0,111.0,15.91,114367855.0,229.0,222.0,7.0,,0.22198738095238096,90.0
V. SOMANNA,TUMKUR,Karnataka,Lok Sabha,147000000.0,32543790.0,22.14,4.0,57.0,6.56,114456210.0,27.0,17.0,10.0,,0.22138632653061224,53.0
AKHILESH YADAV,KANNAUJ,Uttar Pradesh,Lok Sabha,147000000.0,32453607.0,22.08,40.0,204.0,16.39,114546393.0,92.0,82.0,10.0,,0.2207728367346939,164.0
Shri Sadanand Mhalu Shet Tanavade (2023-29),Sitting Rajya Sabha,Goa,Rajya Sabha,171500000.0,37836353.99,22.06,10.0,32.0,23.81,133663646.01,26.0,26.0,0.0,,0.22062013988338194,22.0
Shri Dhananjay Bhimrao Mahadik (2022-28),Sitting Rajya Sabha,Maharashtra,Rajya Sabha,220383643.11,48415797.0,21.97,32.0,126.0,20.25,171967846.11,41.0,41.0,0.0,,0.21968870428298637,94.0
Smt Aparajita Sarangi,BHUBANESWAR,Odisha,Lok Sabha,147420861.41,32303960.0,21.91,47.0,230.0,16.97,115116901.41,229.0,205.0,24.0,,0.21912746738168717,183.0
BHOJRAJ NAG,KANKER,Chhattisgarh,Lok Sabha,164672734.11,35985836.0,21.85,29.0,58.0,33.33,128686898.11,104.0,103.0,1.0,,0.2185294134726746,29.0
Hasmukh Bhai Soma Bhai Patel,AHMEDABAD EAST,Gujarat,Lok Sabha,147000000.0,32021270.0,21.78,20.0,177.0,10.15,114978730.0,36.0,36.0,0.0,,0.217831768707483,157.0
JAGADISH CHANDRA BARMA BASUNIA,COOCHBEHAR,West Bengal,Lok Sabha,168604641.11,36689865.0,21.76,1.0,96.0,1.03,131914776.11,41.0,41.0,0.0,,0.21760886745734964,95.0
ADV GOWAAL KAGADA PADAVI,NANDURBAR,Maharashtra,Lok Sabha,147816309.11,32041066.0,21.68,189.0,90.0,67.74,115775243.11,189.0,189.0,0.0,,0.2167627252562239,-99.0
AMAR SHARADRAO KALE,WARDHA,Maharashtra,Lok Sabha,147000000.0,31855968.0,21.67,29.0,80.0,26.61,115144032.0,39.0,38.0,1.0,,0.21670726530612244,51.0
PARTHA BHOWMICK,BARRACKPUR,West Bengal,Lok Sabha,147000000.0,31114929.0,21.17,4.0,28.0,12.5,115885071.0,11.0,11.0,0.0,,0.2116661836734694,24.0
PRADEEP PUROHIT,BARGARH,Odisha,Lok Sabha,147000000.0,30901278.0,21.02,42.0,276.0,13.21,116098722.0,112.0,110.0,2.0,,0.2102127755102041,234.0
Piyush Vedprakash Goyal,MUMBAI NORTH,Maharashtra,Lok Sabha,147000000.0,30848998.0,20.99,0.0,49.0,0.0,116151002.0,17.0,13.0,4.0,,0.2098571292517007,49.0
Shri Jugal Kishore Sharma,JAMMU,Jammu And Kashmir,Lok Sabha,147000000.0,30668749.0,20.86,45.0,166.0,21.33,116331251.0,97.0,95.0,2.0,,0.20863094557823128,121.0
MADHAVANENI RAGHUNANDAN RAO,MEDAK,Telangana,Lok Sabha,147000000.0,30484168.0,20.74,41.0,141.0,22.53,116515832.0,49.0,49.0,0.0,,0.20737529251700682,100.0
Thiru Dayanidhi Maran,CHENNAI CENTRAL,Tamil Nadu,Lok Sabha,147000000.0,30478390.0,20.73,4.0,8.0,33.33,116521610.0,8.0,7.0,1.0,,0.20733598639455783,4.0
Shri Masthan Rao Yadav Beedha (2024-28),Sitting Rajya Sabha,Andhra Pradesh,Rajya Sabha,171296045.11,35512349.0,20.73,40.0,80.0,33.33,135783696.11,46.0,46.0,0.0,,0.20731563870721753,40.0
SURESH KUMAR SHETKAR,ZAHIRABAD,Telangana,Lok Sabha,147000000.0,30460371.0,20.72,64.0,291.0,18.03,116539629.0,134.0,120.0,14.0,,0.2072134081632653,227.0
DARSHAN SINGH CHOUDHARY,HOSHANGABAD,Madhya Pradesh,Lok Sabha,147000000.0,30022552.0,20.42,49.0,410.0,10.68,116977448.0,314.0,296.0,18.0,,0.20423504761904762,361.0
Shri Jayant Chaudhary (2022-28),Sitting Rajya Sabha,Uttar Pradesh,Rajya Sabha,214074707.67,43141697.0,20.15,8.0,16.0,33.33,170933010.67000002,25.0,22.0,3.0,,0.20152636184608833,8.0
ANANTA NAYAK,KEONJHAR,Odisha,Lok Sabha,147000000.0,29597100.0,20.13,17.0,325.0,4.97,117402900.0,449.0,448.0,1.0,,0.20134081632653061,308.0
Shri Ilaiyaraaja (2022-28),Nominated Rajya Sabha,Tamil Nadu,Rajya Sabha,220563957.11,44381022.0,20.12,17.0,10.0,62.96,176182935.11,28.0,28.0,0.0,,0.2012161124669441,-7.0
Shri Subhash Barala (2024-30),Sitting Rajya Sabha,Haryana,Rajya Sabha,147000000.0,29532538.0,20.09,4.0,73.0,5.19,117467462.0,61.0,61.0,0.0,,0.20090161904761905,69.0
SHAMBHAVI,SAMASTIPUR,Bihar,Lok Sabha,147000000.0,29478647.0,20.05,16.0,111.0,12.6,117521353.0,39.0,28.0,11.0,,0.20053501360544218,95.0
Dr. Laxmikant Bajpayee (2022-28),Sitting Rajya Sabha,Uttar Pradesh,Rajya Sabha,196000000.0,39061207.0,19.93,4.0,62.0,6.06,156938793.0,36.0,34.0,2.0,,0.19929187244897958,58.0
ADV K FRANCIS GEORGE,KOTTAYAM,Kerala,Lok Sabha,188722256.11,37467974.0,19.85,53.0,305.0,14.8,151254282.11,82.0,80.0,2.0,,0.19853500467989926,252.0
Arvind Ganpat Sawant,MUMBAI SOUTH,Maharashtra,Lok Sabha,147000000.0,28859509.0,19.63,14.0,46.0,23.33,118140491.0,18.0,18.0,0.0,,0.19632319047619048,32.0
DR KALGE SHIVAJI BANDAPPA,LATUR,Maharashtra,Lok Sabha,147000000.0,28846420.0,19.62,26.0,91.0,22.22,118153580.0,34.0,33.0,1.0,,0.19623414965986394,65.0
Vijay Kumar Hansdak,RAJMAHAL,Jharkhand,Lok Sabha,147223957.11,28886697.0,19.62,0.0,468.0,0.0,118337260.11,302.0,302.0,0.0,,0.1962092146349319,468.0
NARESH CHANDRA UTTAM PATEL,FATEHPUR,Uttar Pradesh,Lok Sabha,147000000.0,28783210.0,19.58,13.0,68.0,16.05,118216790.0,49.0,49.0,0.0,,0.19580414965986395,55.0
Shri Samik Bhattacharya (2024-30),Sitting Rajya Sabha,West Bengal,Rajya Sabha,147000000.0,28774223.0,19.57,10.0,41.0,19.61,118225777.0,28.0,24.0,4.0,,0.1957430136054422,31.0
Ramvir Singh Bidhuri,SOUTH DELHI,Delhi,Lok Sabha,147559100.0,28849836.0,19.55,41.0,93.0,30.6,118709264.0,48.0,48.0,0.0,,0.19551377041470164,52.0
Adv Adoor Prakash,ATTINGAL,Kerala,Lok Sabha,147000000.0,28617364.0,19.47,108.0,337.0,24.27,118382636.0,115.0,115.0,0.0,,0.19467594557823129,229.0
T Sumathy (A) Thamizhachi Thangapandian,CHENNAI SOUTH,Tamil Nadu,Lok Sabha,147000000.0,28530278.0,19.41,5.0,26.0,16.13,118469722.0,25.0,25.0,0.0,,0.19408352380952382,21.0
K RADHAKRISHNAN,ALATHUR,Kerala,Lok Sabha,147000000.0,28066021.0,19.09,15.0,171.0,8.06,118933979.0,30.0,30.0,0.0,,0.19092531292517007,156.0
Dr. Ashok Kumar Mittal (2022-28),Sitting Rajya Sabha,Punjab,Rajya Sabha,222487632.14,41939879.0,18.85,15.0,32.0,31.91,180547753.14,240.0,234.0,6.0,,0.18850431638199736,17.0
LAXMIKANT PAPPU NISHAD,SANT KABIR NAGAR,Uttar Pradesh,Lok Sabha,147000000.0,27502127.0,18.71,2.0,503.0,0.4,119497873.0,38.0,8.0,30.0,,0.1870892993197279,501.0
Prabhubhai Nagarbhai Vasava,BARDOLI,Gujarat,Lok Sabha,147000000.0,27468376.0,18.69,62.0,268.0,18.79,119531624.0,84.0,83.0,1.0,,0.1868597006802721,206.0
Shri Rajmohan Unnithan,KASARAGOD,Kerala,Lok Sabha,156754633.11,29132579.0,18.58,56.0,151.0,27.05,127622054.11,121.0,111.0,10.0,,0.1858482803475205,95.0
Shri Govindbhai Laljibhai Dholakia (2024-30),Sitting Rajya Sabha,Gujarat,Rajya Sabha,147000000.0,27272966.0,18.55,44.0,78.0,36.07,119727034.0,59.0,58.0,1.0,,0.18553038095238095,34.0
KADIYAM KAVYA,WARANGEL,Telangana,Lok Sabha,147000000.0,27189421.0,18.5,53.0,161.0,24.77,119810579.0,73.0,73.0,0.0,,0.1849620476190476,108.0
Smt Poonamben Hematbhai Maadam,JAMNAGAR,Gujarat,Lok Sabha,147000000.0,27167387.0,18.48,48.0,131.0,26.82,119832613.0,63.0,55.0,8.0,,0.18481215646258503,83.0
AZAD KIRTI JHA,BARDHAMAN-DURGAPUR,West Bengal,Lok Sabha,179658399.98,33156887.0,18.46,6.0,106.0,5.36,146501512.98,30.0,29.0,1.0,,0.1845551725034349,100.0
Shri S. Jaishankar (2023-29),Sitting Rajya Sabha,Gujarat,Rajya Sabha,171500000.0,31616893.0,18.44,51.0,112.0,31.29,139883107.0,60.0,60.0,0.0,,0.1843550612244898,61.0
RAHUL GANDHI,RAE BARELI,Uttar Pradesh,Lok Sabha,147000000.0,27068171.0,18.41,74.0,118.0,38.54,119931829.0,151.0,132.0,19.0,,0.18413721768707483,44.0
Anto Antony,PATHANAMTHITTA,Kerala,Lok Sabha,147000000.0,26984855.0,18.36,60.0,295.0,16.9,120015145.0,78.0,78.0,0.0,,0.18357044217687074,235.0
CHARANJIT SINGH CHANNI,JALANDHAR,Punjab,Lok Sabha,147000000.0,26923285.0,18.32,58.0,151.0,27.75,120076715.0,218.0,205.0,13.0,,0.1831515986394558,93.0
Shri Kumbakudi Sudhakaran,KANNUR,Kerala,Lok Sabha,147000000.0,26785182.0,18.22,61.0,232.0,20.82,120214818.0,98.0,81.0,17.0,,0.18221212244897958,171.0
Jaswantsinh Sumanbhai Bhabhor,DAHOD,Gujarat,Lok Sabha,147000000.0,26676501.0,18.15,75.0,339.0,18.12,120323499.0,91.0,90.0,1.0,,0.18147279591836735,264.0
SELJA,SIRSA,Haryana,Lok Sabha,147000000.0,26548478.0,18.06,59.0,253.0,18.91,120451522.0,152.0,137.0,15.0,,0.18060189115646258,194.0
Praveen Khandelwal,CHANDINI CHOWK,Delhi,Lok Sabha,147470276.0,26487847.0,17.96,35.0,34.0,50.72,120982429.0,42.0,42.0,0.0,,0.17961481946368638,-1.0
MUKESHKUMAR CHANDRAKAANT DALAL,SURAT,Gujarat,Lok Sabha,147000000.0,26395724.0,17.96,92.0,128.0,41.82,120604276.0,112.0,112.0,0.0,,0.17956274829931973,36.0
Shri Amar Pal Maurya (2024-30),Sitting Rajya Sabha,Uttar Pradesh,Rajya Sabha,147000000.0,26365566.0,17.94,18.0,120.0,13.04,120634434.0,33.0,30.0,3.0,,0.1793575918367347,102.0
RAJPALSINH MAHENDRASINH JADAV,PANCHMAHAL,Gujarat,Lok Sabha,147000000.0,26359198.0,17.93,89.0,450.0,16.51,120640802.0,127.0,108.0,19.0,,0.17931427210884354,361.0
GENIBEN NAGAJI THAKOR,BANASKANTHA,Gujarat,Lok Sabha,147000000.0,26332572.0,17.91,41.0,127.0,24.4,120667428.0,67.0,65.0,2.0,,0.17913314285714285,86.0
ABDUL RASHID SHEIKH,BARAMULLAH,Jammu And Kashmir,Lok Sabha,154773472.11,27714021.0,17.91,44.0,119.0,26.99,127059451.11,70.0,67.0,3.0,,0.17906182902134027,75.0
Dilip Saikia,Darrang-Udalguri,Assam,Lok Sabha,147000000.0,26230389.0,17.84,5.0,225.0,2.17,120769611.0,151.0,146.0,5.0,,0.17843802040816326,220.0
C.M.RAMESH,ANAKAPALLE,Andhra Pradesh,Lok Sabha,202531656.11,36002667.0,17.78,20.0,75.0,21.05,166528989.11,42.0,40.0,2.0,,0.17776315906114967,55.0
MANISH TEWARI,CHANDIGARH,Chandigarh,Lok Sabha,178351443.75,31608858.0,17.72,31.0,81.0,27.68,146742585.75,130.0,126.0,4.0,,0.1772279345509924,50.0
Shri Praful Patel (2024-30),Sitting Rajya Sabha,Maharashtra,Rajya Sabha,147000000.0,25836264.0,17.58,22.0,95.0,18.8,121163736.0,38.0,37.0,1.0,,0.17575689795918367,73.0
Shri Benny Behanan,CHALAKUDY,Kerala,Lok Sabha,164674770.11,28872817.0,17.53,13.0,158.0,7.6,135801953.11,34.0,33.0,1.0,,0.17533236561200868,145.0
NIMUBEN JAYANTIBHAI BAMBHANIYA,BHAVNAGAR,Gujarat,Lok Sabha,147000000.0,25662379.0,17.46,28.0,57.0,32.94,121337621.0,34.0,34.0,0.0,,0.1745740068027211,29.0
Om Birla,KOTA,Rajasthan,Lok Sabha,163906956.6,28500390.0,17.39,15.0,46.0,24.59,135406566.6,91.0,90.0,1.0,,0.17388151541092065,31.0
Smt Sandhya Ray,BHIND,Madhya Pradesh,Lok Sabha,147000000.0,25218035.0,17.16,61.0,68.0,47.29,121781965.0,158.0,158.0,0.0,,0.17155125850340136,7.0
Smt Supriya Sadanand Sule,BARAMATI,Maharashtra,Lok Sabha,147000000.0,25041557.0,17.04,10.0,116.0,7.94,121958443.0,34.0,32.0,2.0,,0.17035072789115646,106.0
Shri I.S. Inbadurai (2025-31),Sitting Rajya Sabha,Tamil Nadu,Rajya Sabha,89248285.42,15065385.0,16.88,15.0,68.0,18.07,74182900.42,31.0,31.0,0.0,,0.16880307480533333,53.0
MIAN ALTAF AHMAD,ANANTNAG,Jammu And Kashmir,Lok Sabha,147000000.0,24523857.0,16.68,14.0,113.0,11.02,122476143.0,35.0,35.0,0.0,,0.16682895918367346,99.0
Dr Sukanta Majumdar,BALURGHAT,West Bengal,Lok Sabha,157085364.9,26156776.0,16.65,33.0,153.0,17.74,130928588.9,51.0,41.0,10.0,,0.16651313135791684,120.0
Harsh Malhotra,EAST DELHI,Delhi,Lok Sabha,147134131.0,24390277.0,16.58,53.0,60.0,46.9,122743854.0,57.0,57.0,0.0,,0.16576899482282598,7.0
Shri Manan Kumar Mishra (2024-28),Sitting Rajya Sabha,Bihar,Rajya Sabha,235263957.11,38457500.0,16.35,31.0,57.0,35.23,196806457.11,39.0,39.0,0.0,,0.16346532835889865,26.0
Shri Sarbananda Sonowal (18LS),DIBRUGARH,Assam,Lok Sabha,147000000.0,23919705.0,16.27,3.0,84.0,3.45,123080295.0,63.0,58.0,5.0,,0.16271908163265306,81.0
G. KUMAR NAIK,RAICHUR,Karnataka,Lok Sabha,147000000.0,23896564.0,16.26,9.0,119.0,7.03,123103436.0,47.0,44.0,3.0,,0.16256165986394558,110.0
NILESH DNYANDEV LANKE,AHMEDNAGAR,Maharashtra,Lok Sabha,147000000.0,23809461.0,16.2,12.0,87.0,12.12,123190539.0,17.0,17.0,0.0,,0.1619691224489796,75.0
Krishan Pal Gurjar,FARIDABAD,Haryana,Lok Sabha,147000000.0,23658961.0,16.09,6.0,76.0,7.32,123341039.0,46.0,46.0,0.0,,0.16094531292517006,70.0
Vaithilingam Ve,Puducherry,Puducherry,Lok Sabha,209368972.11,33557935.0,16.03,13.0,62.0,17.33,175811037.11,27.0,22.0,5.0,,0.16028131896434517,49.0
AVIMANYU SETHI,BHADRAK,Odisha,Lok Sabha,147000000.0,23316575.0,15.86,27.0,251.0,9.71,123683425.0,73.0,65.0,8.0,,0.15861615646258503,224.0
ASHISH DUBEY,JABALPUR,Madhya Pradesh,Lok Sabha,147000000.0,23263814.0,15.83,15.0,333.0,4.31,123736186.0,138.0,138.0,0.0,,0.1582572380952381,318.0
Shri Jose K. Mani (2024-30),Sitting Rajya Sabha,Kerala,Rajya Sabha,122500000.0,19384930.0,15.82,28.0,154.0,15.38,103115070.0,44.0,44.0,0.0,,0.15824432653061224,126.0
Shri Mahendra Bhatt (2024-30),Sitting Rajya Sabha,Uttarakhand,Rajya Sabha,147000000.0,23254909.0,15.82,11.0,115.0,8.73,123745091.0,159.0,158.0,1.0,,0.15819665986394557,104.0
Dr. Sasmit Patra (2022-28),Sitting Rajya Sabha,Odisha,Rajya Sabha,196063957.11,31000333.0,15.81,43.0,262.0,14.1,165063624.11,123.0,121.0,2.0,,0.1581133700295946,219.0
Khalilur Rahaman,JANGIPUR,West Bengal,Lok Sabha,147000000.0,23028217.0,15.67,31.0,76.0,28.97,123971783.0,44.0,33.0,11.0,,0.156654537414966,45.0
DINESHBHAI MAKWANA,AHMEDABAD WEST,Gujarat,Lok Sabha,160434965.11,25122452.0,15.66,2.0,205.0,0.97,135312513.11,4.0,4.0,0.0,,0.15658963108680915,203.0
Nityanand Rai,UJJARPUR,Bihar,Lok Sabha,147000000.0,22994739.0,15.64,40.0,54.0,42.55,124005261.0,50.0,50.0,0.0,,0.15642679591836733,14.0
NARAYAN TATU RANE,RATNAGIRI-SINDHUDURG,Maharashtra,Lok Sabha,147000000.0,22993974.0,15.64,25.0,71.0,26.04,124006026.0,39.0,39.0,0.0,,0.15642159183673468,46.0
Shri Kesridevsinh Jhala (2023-29),Sitting Rajya Sabha,Gujarat,Rajya Sabha,171500000.0,26663551.0,15.55,21.0,123.0,14.58,144836449.0,52.0,45.0,7.0,,0.15547260058309037,102.0
Appalanaidu Kalisetti,VIZIANAGARAM,Andhra Pradesh,Lok Sabha,147000000.0,22622767.0,15.39,36.0,83.0,30.25,124377233.0,57.0,56.0,1.0,,0.15389637414965987,47.0
DR. KIRSAN NAMDEO,GADCHIROLI-CHIMUR,Maharashtra,Lok Sabha,147000000.0,22599453.0,15.37,18.0,148.0,10.84,124400547.0,26.0,26.0,0.0,,0.1537377755102041,130.0
Shri Hibi Eden,ERNAKULAM,Kerala,Lok Sabha,162177260.11,24928980.0,15.37,18.0,94.0,16.07,137248280.11,34.0,34.0,0.0,,0.15371439857284191,76.0
Shri Narain Dass Gupta (2024-30),Sitting Rajya Sabha,Delhi,Rajya Sabha,160837070.0,24703922.0,15.36,11.0,40.0,21.57,136133148.0,16.0,15.0,1.0,,0.1535959465066107,29.0
Shri P. P. Suneer (2024-30),Sitting Rajya Sabha,Kerala,Rajya Sabha,122500000.0,18439441.0,15.05,19.0,69.0,21.59,104060559.0,31.0,31.0,0.0,,0.15052604897959185,50.0
Shri Rajeev Shukla (2022-28),Sitting Rajya Sabha,Chhattisgarh,Rajya Sabha,271174394.23,40599928.0,14.97,4.0,26.0,13.33,230574466.23,35.0,33.0,2.0,,0.14971888520405305,22.0
Smt. Jaya Amitabh Bachchan (2024-30),Sitting Rajya Sabha,Uttar Pradesh,Rajya Sabha,147000000.0,21904185.0,14.9,10.0,13.0,43.48,125095815.0,21.0,21.0,0.0,,0.14900806122448979,3.0
Omprakash Bhupalsinh Alias Pawan Rajenimbalkar,OSMANABAD,Maharashtra,Lok Sabha,184758519.11,27342263.0,14.8,30.0,160.0,15.79,157416256.11,43.0,41.0,2.0,,0.14798918681374137,130.0
RAMASAHAYAM RAGHURAM REDDY,KHAMMAM,Telangana,Lok Sabha,147000000.0,21423748.0,14.57,18.0,194.0,8.49,125576252.0,46.0,43.0,3.0,,0.14573978231292517,176.0
Shri Raghav Chadha (2022-28),Sitting Rajya Sabha,Punjab,Rajya Sabha,237229207.25,34558312.0,14.57,4.0,2.0,66.67,202670895.25,34.0,34.0,0.0,,0.14567477757315653,-2.0
Rao Inderjit Singh,GURGAON,Haryana,Lok Sabha,147000000.0,21332402.0,14.51,14.0,33.0,29.79,125667598.0,24.0,22.0,2.0,,0.14511838095238094,19.0
Smt. Rekha Sharma (2024-28),Sitting Rajya Sabha,Haryana,Rajya Sabha,98000000.0,14183077.0,14.47,1.0,144.0,0.69,83816923.0,187.0,182.0,5.0,,0.1447252755102041,143.0
DR. SHARMILA SARKAR,BARDHAMAN PURBA,West Bengal,Lok Sabha,147000000.0,21224009.0,14.44,17.0,94.0,15.32,125775991.0,33.0,25.0,8.0,,0.14438101360544217,77.0
Shri Sudheer Gupta,MANDSOUR,Madhya Pradesh,Lok Sabha,148988014.83,21420844.0,14.38,60.0,163.0,26.91,127567170.83,175.0,168.0,7.0,,0.14377561862571198,103.0
MANJU SHARMA,JAIPUR,Rajasthan,Lok Sabha,167082901.11,23994861.0,14.36,15.0,54.0,21.74,143088040.11,31.0,28.0,3.0,,0.1436105121505093,39.0
Shri Haris Beeran (2024-30),Sitting Rajya Sabha,Kerala,Rajya Sabha,122500000.0,17480985.0,14.27,10.0,206.0,4.63,105019015.0,23.0,23.0,0.0,,0.14270191836734694,196.0
AGA SYED RUHULLAH MEHDI,SRINAGAR,Jammu And Kashmir,Lok Sabha,147000000.0,20822671.0,14.17,62.0,137.0,31.16,126177329.0,80.0,65.0,15.0,,0.1416508231292517,75.0
VISHAL,SANGLI,Maharashtra,Lok Sabha,147000000.0,20818890.0,14.16,11.0,73.0,13.1,126181110.0,21.0,20.0,1.0,,0.14162510204081633,62.0
Pralhad Venkatesh Joshi,DHARWAD,Karnataka,Lok Sabha,147000000.0,20761060.0,14.12,28.0,176.0,13.73,126238940.0,66.0,55.0,11.0,,0.1412317006802721,148.0
Bansuri Swaraj,NEW DELHI,Delhi,Lok Sabha,154306950.0,21775293.0,14.11,41.0,65.0,38.68,132531657.0,46.0,44.0,2.0,,0.14111673518269915,24.0
Amol Ramsing Kolhe,SHIRUR,Maharashtra,Lok Sabha,147000000.0,20561770.0,13.99,15.0,96.0,13.51,126438230.0,25.0,25.0,0.0,,0.1398759863945578,81.0
KARTICK CHANDRA PAUL,RAIGANJ,West Bengal,Lok Sabha,202677986.56,28148611.0,13.89,99.0,309.0,24.26,174529375.56,102.0,102.0,0.0,,0.13888341540074947,210.0
Shri Golla Baburao (2024-30),Sitting Rajya Sabha,Andhra Pradesh,Rajya Sabha,147000000.0,20341881.0,13.84,2.0,42.0,4.55,126658119.0,22.0,19.0,3.0,,0.13838014285714287,40.0
SHIVMANGAL SINGH TOMAR,MORENA,Madhya Pradesh,Lok Sabha,147000000.0,20290158.0,13.8,28.0,38.0,42.42,126709842.0,90.0,90.0,0.0,,0.13802828571428571,10.0
MURARI LAL MEENA,DAUSA,Rajasthan,Lok Sabha,147000000.0,19705174.0,13.4,16.0,95.0,14.41,127294826.0,72.0,70.0,2.0,,0.13404880272108843,79.0
Shri Mayankkumar Nayak (2024-30),Sitting Rajya Sabha,Gujarat,Rajya Sabha,147000000.0,19560868.0,13.31,20.0,151.0,11.7,127439132.0,66.0,65.0,1.0,,0.13306712925170067,131.0
BHAUSAHEB RAJARAM WAKCHAURE,SHIRDI,Maharashtra,Lok Sabha,147000000.0,19420448.0,13.21,11.0,127.0,7.97,127579552.0,32.0,32.0,0.0,,0.13211189115646257,116.0
Sanjay Uttamrao Deshmukh,YAVATMAL-WASHIM,Maharashtra,Lok Sabha,185640423.0,24518118.0,13.21,23.0,102.0,18.4,161122305.0,42.0,42.0,0.0,,0.13207316382811732,79.0
Manoj Tiwari,NORTH EAST DELHI,Delhi,Lok Sabha,225843858.0,29733175.0,13.17,6.0,17.0,26.09,196110683.0,10.0,9.0,1.0,,0.13165367995086233,11.0
Shri S Niranjan Reddy (2022-28),Sitting Rajya Sabha,Andhra Pradesh,Rajya Sabha,224621383.11,29522116.0,13.14,3.0,16.0,15.79,195099267.11,30.0,27.0,3.0,,0.13143056814650025,13.0
MURLIDHAR MOHOL,PUNE,Maharashtra,Lok Sabha,147000000.0,18945481.0,12.89,12.0,87.0,12.12,128054519.0,19.0,19.0,0.0,,0.1288808231292517,75.0
PRIYANKA SATISH JARKIHOLI,CHIKKODI,Karnataka,Lok Sabha,147000000.0,18773055.0,12.77,16.0,143.0,10.06,128226945.0,38.0,33.0,5.0,,0.12770785714285715,127.0
Anurag Singh Thakur,HAMIRPUR,Himachal Pradesh,Lok Sabha,149570117.11,18791823.0,12.56,45.0,160.0,21.95,130778294.11,235.0,230.0,5.0,,0.12563888671812512,115.0
Shri Ashok Singh (2024-30),Sitting Rajya Sabha,Madhya Pradesh,Rajya Sabha,147000000.0,18362339.0,12.49,11.0,99.0,10.0,128637661.0,58.0,56.0,2.0,,0.12491387074829932,88.0
BAIJAYANT PANDA,KENDRAPARA,Odisha,Lok Sabha,147000000.0,17127535.0,11.65,8.0,48.0,14.29,129872465.0,28.0,28.0,0.0,,0.11651384353741497,40.0
VARUN CHAUDHRY,AMBALA,Haryana,Lok Sabha,255454264.0,29577311.0,11.58,3.0,154.0,1.91,225876953.0,107.0,99.0,8.0,,0.11578319553906526,151.0
BACHHAV SHOBHA DINESH,DHULE,Maharashtra,Lok Sabha,147000000.0,17008131.0,11.57,15.0,76.0,16.48,129991869.0,18.0,12.0,6.0,,0.11570157142857143,61.0
BIBHU PRASAD TARAI,JAGATSINGHPUR,Odisha,Lok Sabha,147000000.0,16733683.0,11.38,15.0,331.0,4.34,130266317.0,85.0,73.0,12.0,,0.11383457823129252,316.0
MANOHAR LAL,KARNAL,Haryana,Lok Sabha,147000000.0,16619897.0,11.31,1.0,18.0,5.26,130380103.0,13.0,13.0,0.0,,0.1130605238095238,17.0
Shri P. Wilson (2025-31),Sitting Rajya Sabha,Tamil Nadu,Rajya Sabha,89248285.42,9998159.0,11.2,1.0,34.0,2.86,79250126.42,4.0,4.0,0.0,,0.1120263426120618,33.0
VAMSI KRISHNA GADDAM,PEDDAPALLE,Telangana,Lok Sabha,148451721.11,16373473.0,11.03,9.0,62.0,12.68,132078248.11,22.0,22.0,0.0,,0.11029493546839754,53.0
SHRIMANT CHH UDAYANRAJE PRATAPSINHAMAHARAJ BHONSLE,SATARA,Maharashtra,Lok Sabha,147000000.0,16135149.0,10.98,16.0,118.0,11.94,130864851.0,21.0,21.0,0.0,,0.10976291836734695,102.0
SURESH GOPI,THRISSUR,Kerala,Lok Sabha,147000000.0,16001891.0,10.89,15.0,75.0,16.67,130998109.0,21.0,21.0,0.0,,0.10885640136054421,60.0
SHAFI PARAMBIL,VADAKARA,Kerala,Lok Sabha,147000000.0,15909800.0,10.82,15.0,229.0,6.15,131090200.0,56.0,56.0,0.0,,0.10822993197278911,214.0
Ram Shiromani,SHRAWASTI,Uttar Pradesh,Lok Sabha,151746878.11,16300060.0,10.74,0.0,1357.0,0.0,135446818.11,58.0,3.0,55.0,,0.10741611427540687,1357.0
EATALA RAJENDER,MALKAJGIRI,Telangana,Lok Sabha,327477390.86,34708670.0,10.6,29.0,271.0,9.67,292768720.86,59.0,53.0,6.0,,0.10598798869396854,242.0
BISHNU PADA RAY,ANDAMAN AND NICOBAR ISLANDS,Andaman And Nicobar Islands,Lok Sabha,147000000.0,15498347.0,10.54,0.0,29.0,0.0,131501653.0,9.0,9.0,0.0,,0.10543093197278912,29.0
Shripad Yesso Naik,NORTH GOA,Goa,Lok Sabha,147000000.0,15476370.0,10.53,1.0,114.0,0.87,131523630.0,25.0,25.0,0.0,,0.10528142857142857,113.0
BALABHADRA MAJHI,NABARANGPUR,Odisha,Lok Sabha,147413962.11,15470212.0,10.49,20.0,200.0,9.09,131943750.11,129.0,128.0,1.0,,0.10494400787122293,180.0
SAGAR ESHWAR KHANDRE,BIDAR,Karnataka,Lok Sabha,147000000.0,15422826.0,10.49,5.0,173.0,2.81,131577174.0,50.0,46.0,4.0,,0.10491718367346939,168.0
DHANORKAR PRATIBHA SURESH ALIAS BALUBHAU,CHANDRAPUR,Maharashtra,Lok Sabha,147000000.0,14990871.0,10.2,7.0,71.0,8.97,132009129.0,14.0,14.0,0.0,,0.10197871428571428,64.0
E. TUKARAM,BELLARY,Karnataka,Lok Sabha,147000000.0,14871722.0,10.12,2.0,89.0,2.2,132128278.0,26.0,24.0,2.0,,0.1011681768707483,87.0
Krishna Prasad Tenneti,BAPATLA,Andhra Pradesh,Lok Sabha,167796849.11,16927605.0,10.09,6.0,118.0,4.84,150869244.11,23.0,21.0,2.0,,0.10088154270944044,112.0
DR. PRASHANT YADAORAO PADOLE,BHANDARA-GONDIYA,Maharashtra,Lok Sabha,159680283.39,15660951.0,9.81,8.0,144.0,5.26,144019332.39,22.0,20.0,2.0,,0.09807692388514869,136.0
Daggubati Purandeshwari,RAJAHMUNDRY,Andhra Pradesh,Lok Sabha,147000000.0,14394558.0,9.79,3.0,34.0,8.11,132605442.0,13.0,13.0,0.0,,0.09792216326530612,31.0
Balashowry Vallabbhaneni,MACHILIPATNAM,Andhra Pradesh,Lok Sabha,147000000.0,14363941.0,9.77,9.0,51.0,15.0,132636059.0,26.0,24.0,2.0,,0.0977138843537415,42.0
Rao Rajendra Singh,JAIPUR RURAL,Rajasthan,Lok Sabha,147000000.0,14160844.0,9.63,10.0,94.0,9.62,132839156.0,35.0,34.0,1.0,,0.09633227210884354,84.0
DR. M.P ABDUSSAMAD SAMADANI,PONNANI,Kerala,Lok Sabha,170434031.11,16359185.0,9.6,48.0,276.0,14.81,154074846.11,56.0,52.0,4.0,,0.09598543725954355,228.0
Prof Sougata Ray,DUM DUM,West Bengal,Lok Sabha,147000000.0,14046615.0,9.56,12.0,40.0,23.08,132953385.0,17.0,17.0,0.0,,0.09555520408163265,28.0
SMITA UDAY WAGH,JALGAON,Maharashtra,Lok Sabha,148107373.11,14030677.0,9.47,9.0,1.0,90.0,134076696.11,9.0,9.0,0.0,,0.09473314329583951,-8.0
KAMAKHYA PRASAD TASA,Kaziranga,Assam,Lok Sabha,147000000.0,13430602.0,9.14,0.0,88.0,0.0,133569398.0,40.0,34.0,6.0,,0.09136463945578231,88.0
ANITA SUBHADARSHINI,ASKA,Odisha,Lok Sabha,147000000.0,13418448.0,9.13,18.0,123.0,12.77,133581552.0,34.0,32.0,2.0,,0.09128195918367348,105.0
TANGELLA UDAY SRINIVAS,KAKINADA,Andhra Pradesh,Lok Sabha,199417886.76,18078040.0,9.07,6.0,16.0,27.27,181339846.76,11.0,10.0,1.0,,0.09065405462729115,10.0
Shri Sanjay Singh (2024-30),Sitting Rajya Sabha,Delhi,Rajya Sabha,184466426.11,16687160.0,9.05,17.0,86.0,16.5,167779266.11,22.0,22.0,0.0,,0.09046177319036475,69.0
BHARAT SINGH KUSHWAH,GWALIOR,Madhya Pradesh,Lok Sabha,151455276.04,13676652.0,9.03,4.0,121.0,3.2,137778624.04,41.0,40.0,1.0,,0.09030158841338705,117.0
Dr. V. Sivadasan (2021-27),Sitting Rajya Sabha,Kerala,Rajya Sabha,276720323.27,24863346.0,8.99,14.0,49.0,22.22,251856977.27,45.0,45.0,0.0,,0.08985009017838014,35.0
Ramesh Chandappa Jigajinagi,BIJAPUR,Karnataka,Lok Sabha,269500000.0,24205222.0,8.98,0.0,361.0,0.0,245294778.0,123.0,94.0,29.0,,0.08981529499072356,361.0
Kamaljeet Sehrawat,WEST DELHI,Delhi,Lok Sabha,147000000.0,13075365.0,8.89,31.0,34.0,47.69,133924635.0,34.0,33.0,1.0,,0.0889480612244898,3.0
Shri PP Chaudhary,PALI,Rajasthan,Lok Sabha,147000000.0,12964180.0,8.82,8.0,36.0,18.18,134035820.0,143.0,142.0,1.0,,0.08819170068027211,28.0
Ravindra Shyamnarayan Alias Ravi Kishan Shukla,GORAKHPUR,Uttar Pradesh,Lok Sabha,147000000.0,12572509.0,8.55,0.0,62.0,0.0,134427491.0,10.0,10.0,0.0,,0.08552727210884353,62.0
Yogendra Chandoliya,NORTH WEST DELHI,Delhi,Lok Sabha,147876307.0,12505354.0,8.46,11.0,48.0,18.64,135370953.0,16.0,14.0,2.0,,0.08456631257365657,37.0
DR. HEMANT VISHNU SAVARA,PALGHAR,Maharashtra,Lok Sabha,147000000.0,12275200.0,8.35,1.0,84.0,1.18,134724800.0,15.0,11.0,4.0,,0.0835047619047619,83.0
Vishnu Dutt Sharma,KHAJURAHO,Madhya Pradesh,Lok Sabha,147000000.0,12109947.0,8.24,3.0,132.0,2.22,134890053.0,24.0,21.0,3.0,,0.0823805918367347,129.0
Dr Jayanta Kumar Roy,JALPAIGURI,West Bengal,Lok Sabha,147000000.0,12082736.0,8.22,2.0,17.0,10.53,134917264.0,5.0,5.0,0.0,,0.08219548299319727,15.0
Magunta Sreenivasulu Reddy,ONGOLE,Andhra Pradesh,Lok Sabha,147000000.0,11878734.0,8.08,1.0,18.0,5.26,135121266.0,10.0,9.0,1.0,,0.08080771428571429,17.0
Shri Jyotirmay Singh Mahato,PURULIA,West Bengal,Lok Sabha,147000000.0,11711831.0,7.97,15.0,92.0,14.02,135288169.0,31.0,31.0,0.0,,0.07967231972789116,77.0
Shri Amit Shah,GANDHINAGAR,Gujarat,Lok Sabha,147000000.0,11529274.0,7.84,22.0,96.0,18.64,135470726.0,27.0,27.0,0.0,,0.07843043537414966,74.0
MANOJ TIGGA,ALIPURDUARS,West Bengal,Lok Sabha,147000000.0,11379773.0,7.74,8.0,82.0,8.89,135620227.0,17.0,17.0,0.0,,0.07741342176870748,74.0
Shri Ashwini Vaishnaw (2024-30),Sitting Rajya Sabha,Odisha,Rajya Sabha,265563957.11,20469117.0,7.71,4.0,13.0,23.53,245094840.11,23.0,21.0,2.0,,0.07707791833935292,9.0
KULDEEP INDORA,GANGANAGAR,Rajasthan,Lok Sabha,147000000.0,11236750.0,7.64,2.0,90.0,2.17,135763250.0,68.0,49.0,19.0,,0.07644047619047618,88.0
Asaduddin Owaisi,HYDERABAD,Telangana,Lok Sabha,147000000.0,11172317.0,7.6,1.0,18.0,5.26,135827683.0,7.0,7.0,0.0,,0.07600215646258503,17.0
Sribharat MathuKumli,VISAKHAPATNAM,Andhra Pradesh,Lok Sabha,164841922.0,11694188.0,7.09,0.0,40.0,0.0,153147734.0,16.0,15.0,1.0,,0.07094183238169233,40.0
JAGADISH SHETTAR,BELGAUM,Karnataka,Lok Sabha,147000000.0,10222651.0,6.95,1.0,171.0,0.58,136777349.0,30.0,21.0,9.0,,0.06954184353741497,170.0
Shri Manas Ranjan Mangaraj (2022-28),Sitting Rajya Sabha,Odisha,Rajya Sabha,196063957.11,13305000.0,6.79,23.0,105.0,17.97,182758957.11,31.0,31.0,0.0,,0.06786050937723012,82.0
DHARMENDRA PRADHAN,SAMBALPUR,Odisha,Lok Sabha,147000000.0,9704141.0,6.6,2.0,113.0,1.74,137295859.0,31.0,21.0,10.0,,0.06601456462585034,111.0
P C Mohan,BANGALORE CENTRAL,Karnataka,Lok Sabha,159995711.11,10439505.0,6.52,2.0,17.0,10.53,149556206.11,21.0,21.0,0.0,,0.06524865527690706,15.0
Shri M K Raghavan,KOZHIKODE,Kerala,Lok Sabha,147000000.0,9365325.0,6.37,15.0,253.0,5.6,137634675.0,26.0,25.0,1.0,,0.06370969387755102,238.0
PATHAN YUSUF,BAHARAMPUR,West Bengal,Lok Sabha,147000000.0,9360897.0,6.37,1.0,144.0,0.69,137639103.0,7.0,4.0,3.0,,0.06367957142857143,143.0
TRIVENDRA SINGH RAWAT,HARDWAR,Uttarakhand,Lok Sabha,147000000.0,9309458.0,6.33,3.0,41.0,6.82,137690542.0,16.0,16.0,0.0,,0.0633296462585034,38.0
RABINDRA NARAYAN BEHERA,JAJPUR,Odisha,Lok Sabha,147064617.11,9146086.0,6.22,3.0,200.0,1.48,137918531.11,41.0,41.0,0.0,,0.06219093470429394,197.0
Shri Satnam Singh Sandhu (2024-30),Nominated Rajya Sabha,Chandigarh,Rajya Sabha,147000000.0,9104144.0,6.19,4.0,20.0,16.67,137895856.0,59.0,58.0,1.0,,0.06193295238095238,16.0
Shri Ashokrao Shankarrao Chavan (2024-30),Sitting Rajya Sabha,Maharashtra,Rajya Sabha,147000000.0,8968982.0,6.1,2.0,31.0,6.06,138031018.0,8.0,8.0,0.0,,0.06101348299319728,29.0
ISHA KHAN CHOUDHURY,MALDAHA DAKSHIN,West Bengal,Lok Sabha,147000000.0,8567025.0,5.83,25.0,98.0,20.33,138432975.0,25.0,25.0,0.0,,0.05827908163265306,73.0
PRANITI SUSHILKUMAR SHINDE,SOLAPUR,Maharashtra,Lok Sabha,147000000.0,8440395.0,5.74,2.0,122.0,1.61,138559605.0,9.0,9.0,0.0,,0.05741765306122449,120.0
ANIL YESHWANT DESAI,MUMBAI SOUTH CENTRAL,Maharashtra,Lok Sabha,147000000.0,7792570.0,5.3,0.0,34.0,0.0,139207430.0,4.0,3.0,1.0,,0.05301068027210885,34.0
Dhairyasheel Sambhajirao Mane,HATKANANGLE,Maharashtra,Lok Sabha,147000000.0,7519206.0,5.12,4.0,13.0,23.53,139480794.0,5.0,5.0,0.0,,0.05115106122448979,9.0
BHAJAN LAL JATAV,KARAULI-DHOLPUR,Rajasthan,Lok Sabha,147000000.0,7253086.0,4.93,11.0,41.0,21.15,139746914.0,139.0,139.0,0.0,,0.049340721088435374,30.0
Shri Devendra Pratap Singh (2024-30),Sitting Rajya Sabha,Chhattisgarh,Rajya Sabha,170837637.76,8275468.0,4.84,3.0,14.0,17.65,162562169.76,14.0,14.0,0.0,,0.04844054336331746,11.0
Shri Lahar Singh Siroya (2022-28),Sitting Rajya Sabha,Karnataka,Rajya Sabha,206278088.11,9964305.0,4.83,2.0,14.0,12.5,196313783.11,8.0,8.0,0.0,,0.04830520338489092,12.0
KUNDURU RAGHUVEER,NALGONDA,Telangana,Lok Sabha,162952022.0,7766945.0,4.77,6.0,23.0,20.69,155185077.0,9.0,9.0,0.0,,0.047663998916196326,17.0
MOHITE PATIL DHAIRYASHEEL RAJSINH,MADHA,Maharashtra,Lok Sabha,195613601.7,8828612.0,4.51,41.0,218.0,15.83,186784989.7,41.0,41.0,0.0,,0.045132914701605846,177.0
VIVEK THAKUR,NAWADA,Bihar,Lok Sabha,147000000.0,6537792.0,4.45,1.0,84.0,1.18,140462208.0,9.0,5.0,4.0,,0.04447477551020408,83.0
Sivanath Kesineni,VIJAYAWADA,Andhra Pradesh,Lok Sabha,147000000.0,6329561.0,4.31,1.0,28.0,3.45,140670439.0,3.0,3.0,0.0,,0.043058238095238094,27.0
Shri Subhasish Khuntia (2024-30),Sitting Rajya Sabha,Odisha,Rajya Sabha,147000000.0,6285385.0,4.28,3.0,219.0,1.35,140714615.0,34.0,31.0,3.0,,0.042757721088435376,216.0
Dushyant Singh,JHALAWAR-BARAN,Rajasthan,Lok Sabha,147000000.0,6025816.0,4.1,0.0,196.0,0.0,140974184.0,26.0,25.0,1.0,,0.04099194557823129,196.0
Khagen Murmu,MALDAHA UTTAR,West Bengal,Lok Sabha,147000000.0,6003169.0,4.08,7.0,31.0,18.42,140996831.0,7.0,7.0,0.0,,0.0408378843537415,24.0
Shri Shantanu Thakur,BANGAON,West Bengal,Lok Sabha,147000000.0,5993836.0,4.08,8.0,50.0,13.79,141006164.0,8.0,8.0,0.0,,0.040774394557823126,42.0
SANJAY DINA PATIL,MUMBAI NORTH EAST,Maharashtra,Lok Sabha,147000000.0,5955517.0,4.05,0.0,40.0,0.0,141044483.0,3.0,2.0,1.0,,0.04051372108843537,40.0
Smt Raksha Nikhil Khadse,RAVER,Maharashtra,Lok Sabha,153112586.11,5871973.0,3.84,3.0,7.0,30.0,147240613.11,3.0,3.0,0.0,,0.038350687877359894,4.0
Mohamed Haneefa,LADAKH,Ladakh,Lok Sabha,161114542.0,6009392.0,3.73,0.0,55.0,0.0,155105150.0,8.0,8.0,0.0,,0.03729888019667399,55.0
PARIMAL SUKLABAIDYA,SILCHAR,Assam,Lok Sabha,148300157.11,5511762.0,3.72,0.0,153.0,0.0,142788395.11,13.0,10.0,3.0,,0.03716625867032434,153.0
Smt. Adhikarimayum Sharda Devi (2026-32),Sitting Rajya Sabha,Manipur,Rajya Sabha,49000000.0,1800000.0,3.67,0.0,10.0,0.0,47200000.0,1.0,0.0,1.0,,0.036734693877551024,10.0
Shyamkumar,RAMTEK,Maharashtra,Lok Sabha,147000000.0,5141086.0,3.5,1.0,33.0,2.94,141858914.0,6.0,5.0,1.0,,0.03497337414965986,32.0
Chandra Prakash Joshi,CHITTORGARH,Rajasthan,Lok Sabha,147000000.0,4862785.0,3.31,10.0,186.0,5.1,142137215.0,42.0,41.0,1.0,,0.03308017006802721,176.0
Kishan Reddy Gangapuram,SECUNDERABAD,Telangana,Lok Sabha,147000000.0,4754322.0,3.23,0.0,38.0,0.0,142245678.0,5.0,5.0,0.0,,0.032342326530612246,38.0
Shri Jogen Mohan (2026-32),Sitting Rajya Sabha,Assam,Rajya Sabha,49000000.0,1500000.0,3.06,0.0,22.0,0.0,47500000.0,1.0,0.0,1.0,,0.030612244897959183,22.0
SELVAGANAPATHI T M,SALEM,Tamil Nadu,Lok Sabha,147000000.0,4244214.0,2.89,0.0,17.0,0.0,142755786.0,2.0,2.0,0.0,,0.028872204081632654,17.0
Smt Sangeeta Kumari Singh Deo,BOLANGIR,Odisha,Lok Sabha,147000000.0,4193424.0,2.85,3.0,225.0,1.32,142806576.0,14.0,13.0,1.0,,0.02852669387755102,222.0
Ajay Tamta,ALMORA,Uttarakhand,Lok Sabha,147000000.0,4091663.0,2.78,3.0,145.0,2.03,142908337.0,92.0,83.0,9.0,,0.027834442176870748,142.0
Shri Sanjay Kumar Jha (2024-30),Sitting Rajya Sabha,Bihar,Rajya Sabha,186200000.0,5078584.0,2.73,4.0,2.0,66.67,181121416.0,6.0,6.0,0.0,,0.027274887218045114,-2.0
Smt. Laxmi Verma (2026-32),Sitting Rajya Sabha,Chhattisgarh,Rajya Sabha,49000000.0,1250000.0,2.55,0.0,2.0,0.0,47750000.0,2.0,2.0,0.0,,0.025510204081632654,2.0
Shri Nitin Laxmanrao Jadhav Patil (2024-28),Sitting Rajya Sabha,Maharashtra,Rajya Sabha,122500000.0,2996110.0,2.45,3.0,58.0,4.92,119503890.0,3.0,3.0,0.0,,0.02445804081632653,55.0
Shri B. Parthasaradhi Reddy (2022-28),Sitting Rajya Sabha,Telangana,Rajya Sabha,244365104.0,5945528.0,2.43,6.0,19.0,24.0,238419576.0,7.0,7.0,0.0,,0.024330511610201104,13.0
RADHAKRISHNA,GULBARGA,Karnataka,Lok Sabha,147000000.0,3254664.0,2.21,0.0,29.0,0.0,143745336.0,2.0,2.0,0.0,,0.02214057142857143,29.0
Smt. Renuka Chowdhury (2024-30),Sitting Rajya Sabha,Telangana,Rajya Sabha,147000000.0,3061296.0,2.08,0.0,105.0,0.0,143938704.0,7.0,5.0,2.0,,0.020825142857142858,105.0
RUDRA NARAYAN PANY,DHENKANAL,Odisha,Lok Sabha,155013957.11,3039057.0,1.96,0.0,81.0,0.0,151974900.11,22.0,22.0,0.0,,0.01960505400067585,81.0
ANIL BALUNI,GARHWAL,Uttarakhand,Lok Sabha,147000000.0,2739441.0,1.86,1.0,11.0,8.33,144260559.0,8.0,8.0,0.0,,0.01863565306122449,10.0
Pratap Chandra Sarangi,BALASORE,Odisha,Lok Sabha,147064254.11,2525000.0,1.72,10.0,117.0,7.87,144539254.11,10.0,10.0,0.0,,0.017169365970546246,107.0
Shri Paka Venkata Satyanarayana (2025-28),Sitting Rajya Sabha,Andhra Pradesh,Rajya Sabha,98000000.0,1599035.0,1.63,1.0,12.0,7.69,96400965.0,1.0,1.0,0.0,,0.016316683673469386,11.0
Shri Jagat Prakash Nadda (2024-30),Sitting Rajya Sabha,Gujarat,Rajya Sabha,147000000.0,2100000.0,1.43,0.0,74.0,0.0,144900000.0,5.0,4.0,1.0,,0.014285714285714285,74.0
Lavu Sri Krishna Devarayalu,NARASARAOPET,Andhra Pradesh,Lok Sabha,174009663.11,2402685.0,1.38,1.0,130.0,0.76,171606978.11,4.0,4.0,0.0,,0.013807767666794145,129.0
Nishikant Dubey,GODDA,Jharkhand,Lok Sabha,147000000.0,1785510.0,1.21,0.0,2.0,0.0,145214490.0,1.0,1.0,0.0,,0.012146326530612244,2.0
Prataprao Jadhav,BULDHANA,Maharashtra,Lok Sabha,147000000.0,1208028.0,0.82,0.0,68.0,0.0,145791972.0,2.0,2.0,0.0,,0.008217877551020408,68.0
Shri Milind Murli Deora (2024-30),Sitting Rajya Sabha,Maharashtra,Rajya Sabha,147000000.0,999996.0,0.68,0.0,25.0,0.0,146000004.0,2.0,1.0,1.0,,0.00680269387755102,25.0
Shri Kartikeya Sharma (2022-28),Sitting Rajya Sabha,Haryana,Rajya Sabha,196000000.0,1161226.0,0.59,0.0,62.0,0.0,194838774.0,2.0,2.0,0.0,,0.005924622448979592,62.0
Gajendra Singh Shekhawat,JODHPUR,Rajasthan,Lok Sabha,147000000.0,491827.0,0.33,0.0,33.0,0.0,146508173.0,1.0,1.0,0.0,,0.0033457619047619048,33.0
Shrikant Eknath Shinde,KALYAN,Maharashtra,Lok Sabha,147000000.0,325000.0,0.22,0.0,2.0,0.0,146675000.0,1.0,1.0,0.0,,0.002210884353741497,2.0
Bhupathiraju Srinivasa varma,NARASAPURAM,Andhra Pradesh,Lok Sabha,147000000.0,0.0,0.0,0.0,1.0,0.0,147000000.0,0.0,0.0,0.0,,0.0,1.0
CHAVAN VASANTRAO BALWANTRAO,NANDED,Maharashtra,Lok Sabha,0.0,0.0,0.0,0.0,0.0,0.0,0.0,0.0,0.0,0.0,,,0.0
DR. PRADEEP KUMAR PANIGRAHY,BERHAMPUR,Odisha,Lok Sabha,147000000.0,0.0,0.0,0.0,111.0,0.0,147000000.0,0.0,0.0,0.0,,0.0,111.0
Kalaben Mohanbhai Delkar,DADRA & NAGAR HAVELI,The Dadra And Nagar Haveli And Daman And Diu,Lok Sabha,147000000.0,0.0,0.0,0.0,2.0,0.0,147000000.0,0.0,0.0,0.0,,0.0,2.0
MISHA BHARTI,PATALIPUTRA,Bihar,Lok Sabha,147000000.0,0.0,0.0,0.0,0.0,0.0,147000000.0,0.0,0.0,0.0,,0.0,0.0
NARESH GANPAT MHASKE,THANE,Maharashtra,Lok Sabha,147000000.0,0.0,0.0,0.0,0.0,0.0,147000000.0,0.0,0.0,0.0,,0.0,0.0
HARISH CHANDRA MEENA,TONK-SAWAI MADHOPUR,Rajasthan,Lok Sabha,147000000.0,0.0,0.0,0.0,0.0,0.0,147000000.0,0.0,0.0,0.0,,0.0,0.0
MANISH JAISWAL,HAZARIBAGH,Jharkhand,Lok Sabha,147000000.0,0.0,0.0,0.0,164.0,0.0,147000000.0,0.0,0.0,0.0,,0.0,164.0
PATEL UMESHBHAI BABUBHAI,DAMAN and DIU,The Dadra And Nagar Haveli And Daman And Diu,Lok Sabha,245063957.0,0.0,0.0,0.0,61.0,0.0,245063957.0,0.0,0.0,0.0,,0.0,61.0
Rajiv Pratap Rudy,SARAN,Bihar,Lok Sabha,147000000.0,0.0,0.0,0.0,12.0,0.0,147000000.0,0.0,0.0,0.0,,0.0,12.0
Rajiv Ranjan (Lalan) Singh,MUNGER,Bihar,Lok Sabha,147000000.0,0.0,0.0,0.0,1.0,0.0,147000000.0,0.0,0.0,0.0,,0.0,1.0
Sanjay Jaiswal,PASCHIM CHAMPARAN,Bihar,Lok Sabha,147000000.0,0.0,0.0,0.0,0.0,0.0,147000000.0,0.0,0.0,0.0,,0.0,0.0
Dr. Abhishek Manu Singhvi (2026-32),Sitting Rajya Sabha,Telangana,Rajya Sabha,73421449.0,0.0,0.0,0.0,16.0,0.0,73421449.0,0.0,0.0,0.0,,0.0,16.0
Dr. M. Thambi Durai (2026-32),Sitting Rajya Sabha,Tamil Nadu,Rajya Sabha,49356476.5,0.0,0.0,0.0,0.0,0.0,49356476.5,0.0,0.0,0.0,,0.0,0.0
Dr. Satish Poonia (2026-32),Sitting Rajya Sabha,Rajasthan,Rajya Sabha,49000000.0,0.0,0.0,0.0,0.0,0.0,49000000.0,0.0,0.0,0.0,,0.0,0.0
Ms. Swati Maliwal (2024-30),Sitting Rajya Sabha,Delhi,Rajya Sabha,147000000.0,0.0,0.0,0.0,3.0,0.0,147000000.0,0.0,0.0,0.0,,0.0,3.0
Shri Christopher Manickam (2026-32),Sitting Rajya Sabha,Tamil Nadu,Rajya Sabha,49356476.5,0.0,0.0,0.0,0.0,0.0,49356476.5,0.0,0.0,0.0,,0.0,0.0
Shri Constandine Ravindran (2026-32),Sitting Rajya Sabha,Tamil Nadu,Rajya Sabha,49356476.5,0.0,0.0,0.0,0.0,0.0,49356476.5,0.0,0.0,0.0,,0.0,0.0
Shri Dilip Kumar Ray (2026-32),Sitting Rajya Sabha,Odisha,Rajya Sabha,49000000.0,0.0,0.0,0.0,31.0,0.0,49000000.0,0.0,0.0,0.0,,0.0,31.0
Shri Gurwinder Singh Oberoi (2025-31),Sitting Rajya Sabha,Jammu And Kashmir,Rajya Sabha,73500000.0,0.0,0.0,0.0,0.0,0.0,73500000.0,0.0,0.0,0.0,,0.0,0.0
Shri Khiangte Laltluangkima (2026-32),Sitting Rajya Sabha,Mizoram,Rajya Sabha,24500000.0,0.0,0.0,0.0,0.0,0.0,24500000.0,0.0,0.0,0.0,,0.0,0.0
Shri L. K. Sudhish (2026-32),Sitting Rajya Sabha,Tamil Nadu,Rajya Sabha,49356476.5,0.0,0.0,0.0,0.0,0.0,49356476.5,0.0,0.0,0.0,,0.0,0.0
Shri Mahesh Kewat (2026-32),Sitting Rajya Sabha,Madhya Pradesh,Rajya Sabha,49000000.0,0.0,0.0,0.0,0.0,0.0,49000000.0,0.0,0.0,0.0,,0.0,0.0
Shri Manmohan Samal (2026-32),Sitting Rajya Sabha,Odisha,Rajya Sabha,49000000.0,0.0,0.0,0.0,0.0,0.0,49000000.0,0.0,0.0,0.0,,0.0,0.0
Shri Mansoor Ali Khan (2026-32),Sitting Rajya Sabha,Karnataka,Rajya Sabha,49000000.0,0.0,0.0,0.0,3.0,0.0,49000000.0,0.0,0.0,0.0,,0.0,3.0
Shri Neeraj Dangi (2026-32),Sitting Rajya Sabha,Rajasthan,Rajya Sabha,49000000.0,0.0,0.0,0.0,4.0,0.0,49000000.0,0.0,0.0,0.0,,0.0,4.0
Shri Pawan Khera (2026-32),Sitting Rajya Sabha,Karnataka,Rajya Sabha,49000000.0,0.0,0.0,0.0,3.0,0.0,49000000.0,0.0,0.0,0.0,,0.0,3.0
Shri Prakash Chik Baraik (2026-29),Sitting Rajya Sabha,West Bengal,Rajya Sabha,49662892.0,0.0,0.0,0.0,0.0,0.0,49662892.0,0.0,0.0,0.0,,0.0,0.0
Shri Praveen Chakravarthy (2026-28),Sitting Rajya Sabha,Tamil Nadu,Rajya Sabha,49356476.5,0.0,0.0,0.0,1.0,0.0,49356476.5,0.0,0.0,0.0,,0.0,1.0
Shri Rajinder Gupta (2025-28),Sitting Rajya Sabha,Punjab,Rajya Sabha,49000000.0,0.0,0.0,0.0,0.0,0.0,49000000.0,0.0,0.0,0.0,,0.0,0.0
Shri Rajneesh Kumar Agrawal (2026-32),Sitting Rajya Sabha,Madhya Pradesh,Rajya Sabha,49000000.0,0.0,0.0,0.0,0.0,0.0,49000000.0,0.0,0.0,0.0,,0.0,0.0
Shri Ramrao Sakharam Wadkute (2026-32),Sitting Rajya Sabha,Maharashtra,Rajya Sabha,49000000.0,0.0,0.0,0.0,0.0,0.0,49000000.0,0.0,0.0,0.0,,0.0,0.0
Dr. Alka Singh (2026-32),Sitting Rajya Sabha,Rajasthan,Rajya Sabha,49000000.0,0.0,0.0,0.0,0.0,0.0,49000000.0,0.0,0.0,0.0,,0.0,0.0
Dr. Meenakshi Jain (2025-31),Nominated Rajya Sabha,Delhi,Rajya Sabha,73500000.0,0.0,0.0,0.0,10.0,0.0,73500000.0,0.0,0.0,0.0,,0.0,10.0
Dr. Mukeshbhai J. Rathwa (2026-32),Sitting Rajya Sabha,Gujarat,Rajya Sabha,49000000.0,0.0,0.0,0.0,0.0,0.0,49000000.0,0.0,0.0,0.0,,0.0,0.0
Shri Baidyanath Ram (2026-32),Sitting Rajya Sabha,Jharkhand,Rajya Sabha,49000000.0,0.0,0.0,0.0,0.0,0.0,49000000.0,0.0,0.0,0.0,,0.0,0.0
Shri C. Sadanandan Master (2025-31),Nominated Rajya Sabha,Kerala,Rajya Sabha,73500000.0,0.0,0.0,0.0,55.0,0.0,73500000.0,0.0,0.0,0.0,,0.0,55.0
Shri Harsh Vardhan Shringla (2025-31),Nominated Rajya Sabha,West Bengal,Rajya Sabha,73500000.0,0.0,0.0,0.0,6.0,0.0,73500000.0,0.0,0.0,0.0,,0.0,6.0
Shri James Pangsang Kongkal Sangma (2026-32),Sitting Rajya Sabha,Meghalaya,Rajya Sabha,49000000.0,0.0,0.0,0.0,0.0,0.0,49000000.0,0.0,0.0,0.0,,0.0,0.0
Shri M. Nagaraja (2026-32),Sitting Rajya Sabha,Karnataka,Rajya Sabha,49000000.0,0.0,0.0,0.0,0.0,0.0,49000000.0,0.0,0.0,0.0,,0.0,0.0
Shri Mallikarjun Kharge (2026-32),Sitting Rajya Sabha,Karnataka,Rajya Sabha,49063957.11,0.0,0.0,0.0,0.0,0.0,49063957.11,0.0,0.0,0.0,,0.0,0.0
Shri Sajjad Ahmad Kichloo (2025-31),Sitting Rajya Sabha,Jammu And Kashmir,Rajya Sabha,73500000.0,0.0,0.0,0.0,18.0,0.0,73500000.0,0.0,0.0,0.0,,0.0,18.0
Shri Sat Paul Sharma (2025-31),Sitting Rajya Sabha,Jammu And Kashmir,Rajya Sabha,73500000.0,0.0,0.0,0.0,16.0,0.0,73500000.0,0.0,0.0,0.0,,0.0,16.0
Shri Sujeet Kumar (2026-32),Sitting Rajya Sabha,Odisha,Rajya Sabha,49000000.0,0.0,0.0,0.0,35.0,0.0,49000000.0,0.0,0.0,0.0,,0.0,35.0
Shri Upendra Kushwaha (2026-32),Sitting Rajya Sabha,Bihar,Rajya Sabha,49000000.0,0.0,0.0,0.0,7.0,0.0,49000000.0,0.0,0.0,0.0,,0.0,7.0
Shri Vinod Shridhar Tawde (2026-32),Sitting Rajya Sabha,Maharashtra,Rajya Sabha,49000000.0,0.0,0.0,0.0,0.0,0.0,49000000.0,0.0,0.0,0.0,,0.0,0.0
Shri Sana Sathish Babu (2026-32),Sitting Rajya Sabha,Andhra Pradesh,Rajya Sabha,49063978.0,0.0,0.0,0.0,0.0,0.0,49063978.0,0.0,0.0,0.0,,0.0,0.0
Shri Sanjay Yadav (2024-30),Sitting Rajya Sabha,Bihar,Rajya Sabha,186200000.0,0.0,0.0,0.0,54.0,0.0,186200000.0,0.0,0.0,0.0,,0.0,54.0
Shri Tiruchi Siva (2026-32),Sitting Rajya Sabha,Tamil Nadu,Rajya Sabha,49356476.5,0.0,0.0,0.0,0.0,0.0,49356476.5,0.0,0.0,0.0,,0.0,0.0
Shri Ujjwal Deorao Nikam (2025-31),Nominated Rajya Sabha,Maharashtra,Rajya Sabha,73500000.0,0.0,0.0,0.0,0.0,0.0,73500000.0,0.0,0.0,0.0,,0.0,0.0
Dr. Anbumani Ramadoss (2026-32),Sitting Rajya Sabha,Tamil Nadu,Rajya Sabha,49356476.5,0.0,0.0,0.0,0.0,0.0,49356476.5,0.0,0.0,0.0,,0.0,0.0
Shri Chowdry Mohammad Ramzan (2025-31),Sitting Rajya Sabha,Jammu And Kashmir,Rajya Sabha,73500000.0,0.0,0.0,0.0,2.0,0.0,73500000.0,0.0,0.0,0.0,,0.0,2.0
Shri Lingamaneni Ramesh (2026-32),Sitting Rajya Sabha,Andhra Pradesh,Rajya Sabha,49000000.0,0.0,0.0,0.0,1.0,0.0,49000000.0,0.0,0.0,0.0,,0.0,1.0
Shri Rajeev Kumar (2026-32),Sitting Rajya Sabha,West Bengal,Rajya Sabha,49000000.0,0.0,0.0,0.0,0.0,0.0,49000000.0,0.0,0.0,0.0,,0.0,0.0
Shri Ram Nath Thakur (2026-32),Sitting Rajya Sabha,Bihar,Rajya Sabha,65673638.73,0.0,0.0,0.0,33.0,0.0,65673638.73,0.0,0.0,0.0,,0.0,33.0
Shri Ramdas Bandu Athawale (2026-32),Sitting Rajya Sabha,Maharashtra,Rajya Sabha,49000000.0,0.0,0.0,0.0,7.0,0.0,49000000.0,0.0,0.0,0.0,,0.0,7.0
Shri Sanjay Bhatia (2026-32),Sitting Rajya Sabha,Haryana,Rajya Sabha,49000000.0,0.0,0.0,0.0,1.0,0.0,49000000.0,0.0,0.0,0.0,,0.0,1.0
Shri Terash Gowalla (2026-32),Sitting Rajya Sabha,Assam,Rajya Sabha,49000000.0,0.0,0.0,0.0,0.0,0.0,49000000.0,0.0,0.0,0.0,,0.0,0.0
Shri Vijay Chintakayala (2026-32),Sitting Rajya Sabha,Andhra Pradesh,Rajya Sabha,49000000.0,0.0,0.0,0.0,0.0,0.0,49000000.0,0.0,0.0,0.0,,0.0,0.0
Smt. Maya Chintaman Ivnate (2026-32),Sitting Rajya Sabha,Maharashtra,Rajya Sabha,49000000.0,0.0,0.0,0.0,20.0,0.0,49000000.0,0.0,0.0,0.0,,0.0,20.0
Dr. Jyoti Nagnath Waghmare (2026-32),Sitting Rajya Sabha,Maharashtra,Rajya Sabha,49000000.0,0.0,0.0,0.0,0.0,0.0,49000000.0,0.0,0.0,0.0,,0.0,0.0
Dr. Santrupt Misra (2026-32),Sitting Rajya Sabha,Odisha,Rajya Sabha,49000000.0,0.0,0.0,0.0,11.0,0.0,49000000.0,0.0,0.0,0.0,,0.0,11.0
Shri Anurag Sharma (2026-32),Sitting Rajya Sabha,Himachal Pradesh,Rajya Sabha,49000000.0,0.0,0.0,0.0,0.0,0.0,49000000.0,0.0,0.0,0.0,,0.0,0.0
Shri Bhashyam Rama Krishna (2026-32),Sitting Rajya Sabha,Andhra Pradesh,Rajya Sabha,49000000.0,0.0,0.0,0.0,1.0,0.0,49000000.0,0.0,0.0,0.0,,0.0,1.0
Shri Debashish Samantaray (2026-30),Sitting Rajya Sabha,Odisha,Rajya Sabha,23800006.0,0.0,0.0,0.0,0.0,0.0,23800006.0,0.0,0.0,0.0,,0.0,0.0
Shri Kamal Haasan (2025-31),Sitting Rajya Sabha,Tamil Nadu,Rajya Sabha,89248285.42,0.0,0.0,0.0,4.0,0.0,89248285.42,0.0,0.0,0.0,,0.0,4.0
Shri Karamvir Singh Singh Boudh (2026-32),Sitting Rajya Sabha,Haryana,Rajya Sabha,49000000.0,0.0,0.0,0.0,0.0,0.0,49000000.0,0.0,0.0,0.0,,0.0,0.0
Shri Nitin Nabin (2026-32),Sitting Rajya Sabha,Bihar,Rajya Sabha,49000000.0,0.0,0.0,0.0,0.0,0.0,49000000.0,0.0,0.0,0.0,,0.0,0.0
Shri Parth Ajit Pawar (2026-32),Sitting Rajya Sabha,Maharashtra,Rajya Sabha,49000000.0,0.0,0.0,0.0,0.0,0.0,49000000.0,0.0,0.0,0.0,,0.0,0.0
Shri Pramod Boro (2026-32),Sitting Rajya Sabha,Assam,Rajya Sabha,49000000.0,0.0,0.0,0.0,0.0,0.0,49000000.0,0.0,0.0,0.0,,0.0,0.0
Shri Rajesh Parmanand Shukla (2026-32),Sitting Rajya Sabha,Gujarat,Rajya Sabha,49000000.0,0.0,0.0,0.0,0.0,0.0,49000000.0,0.0,0.0,0.0,,0.0,0.0
Shri Shivesh Kumar (2026-32),Sitting Rajya Sabha,Bihar,Rajya Sabha,49000000.0,0.0,0.0,0.0,0.0,0.0,49000000.0,0.0,0.0,0.0,,0.0,0.0
Shri Tai Tagak (2026-32),Sitting Rajya Sabha,Arunachal Pradesh,Rajya Sabha,49000000.0,0.0,0.0,0.0,0.0,0.0,49000000.0,0.0,0.0,0.0,,0.0,0.0
Shri Tarun Chugh (2026-32),Sitting Rajya Sabha,Madhya Pradesh,Rajya Sabha,49000000.0,0.0,0.0,0.0,0.0,0.0,49000000.0,0.0,0.0,0.0,,0.0,0.0
